id,season,city,date,team1,team2,toss_winner,result,dl_applied,winner,win_by_runs,win_by_wickets,player_of_match
1,2017,Hyderabad,05-04-2017,Sunrisers Hyderabad,Royal Challengers Bangalore,Royal Challengers Bangalore,normal,0,Sunrisers Hyderabad,35,0,Yuvraj Singh
2,2017,Pune,06-04-2017,Mumbai Indians,Rising Pune Supergiant,Rising Pune Supergiant,normal,0,Rising Pune Supergiant,0,7,SPD Smith
3,2017,Rajkot,07-04-2017,Gujarat Lions,Kolkata Knight Riders,Kolkata Knight Riders,normal,0,Kolkata Knight Riders,0,10,CA Lynn
4,2017,Indore,08-04-2017,Rising Pune Supergiant,Kings XI Punjab,Kings XI Punjab,normal,0,Kings XI Punjab,0,6,GJ Maxwell
5,2017,Bangalore,08-04-2017,Royal Challengers Bangalore,Delhi Daredevils,Royal Challengers Bangalore,normal,0,Royal Challengers Bangalore,15,0,KM Jadhav
6,2017,Hyderabad,09-04-2017,Gujarat Lions,Sunrisers Hyderabad,Sunrisers Hyderabad,normal,0,Sunrisers Hyderabad,0,9,Rashid Khan
7,2017,Mumbai,09-04-2017,Kolkata Knight Riders,Mumbai Indians,Mumbai Indians,normal,0,Mumbai Indians,0,4,N Rana
8,2017,Indore,10-04-2017,Royal Challengers Bangalore,Kings XI Punjab,Royal Challengers Bangalore,normal,0,Kings XI Punjab,0,8,AR Patel
9,2017,Pune,11-04-2017,Delhi Daredevils,Rising Pune Supergiant,Rising Pune Supergiant,normal,0,Delhi Daredevils,97,0,SV Samson
10,2017,Mumbai,12-04-2017,Sunrisers Hyderabad,Mumbai Indians,Mumbai Indians,normal,0,Mumbai Indians,0,4,JJ Bumrah
11,2017,Kolkata,13-04-2017,Kings XI Punjab,Kolkata Knight Riders,Kolkata Knight Riders,normal,0,Kolkata Knight Riders,0,8,SP Narine
12,2017,Bangalore,14-04-2017,Royal Challengers Bangalore,Mumbai Indians,Mumbai Indians,normal,0,Mumbai Indians,0,4,KA Pollard
13,2017,Rajkot,14-04-2017,Rising Pune Supergiant,Gujarat Lions,Gujarat Lions,normal,0,Gujarat Lions,0,7,AJ Tye
14,2017,Kolkata,15-04-2017,Kolkata Knight Riders,Sunrisers Hyderabad,Sunrisers Hyderabad,normal,0,Kolkata Knight Riders,17,0,RV Uthappa
15,2017,Delhi,15-04-2017,Delhi Daredevils,Kings XI Punjab,Delhi Daredevils,normal,0,Delhi Daredevils,51,0,CJ Anderson
16,2017,Mumbai,16-04-2017,Gujarat Lions,Mumbai Indians,Mumbai Indians,normal,0,Mumbai Indians,0,6,N Rana
17,2017,Bangalore,16-04-2017,Rising Pune Supergiant,Royal Challengers Bangalore,Royal Challengers Bangalore,normal,0,Rising Pune Supergiant,27,0,BA Stokes
18,2017,Delhi,17-04-2017,Delhi Daredevils,Kolkata Knight Riders,Delhi Daredevils,normal,0,Kolkata Knight Riders,0,4,NM Coulter-Nile
19,2017,Hyderabad,17-04-2017,Sunrisers Hyderabad,Kings XI Punjab,Kings XI Punjab,normal,0,Sunrisers Hyderabad,5,0,B Kumar
20,2017,Rajkot,18-04-2017,Royal Challengers Bangalore,Gujarat Lions,Gujarat Lions,normal,0,Royal Challengers Bangalore,21,0,CH Gayle
21,2017,Hyderabad,19-04-2017,Sunrisers Hyderabad,Delhi Daredevils,Sunrisers Hyderabad,normal,0,Sunrisers Hyderabad,15,0,KS Williamson
22,2017,Indore,20-04-2017,Kings XI Punjab,Mumbai Indians,Mumbai Indians,normal,0,Mumbai Indians,0,8,JC Buttler
23,2017,Kolkata,21-04-2017,Kolkata Knight Riders,Gujarat Lions,Gujarat Lions,normal,0,Gujarat Lions,0,4,SK Raina
24,2017,Mumbai,22-04-2017,Mumbai Indians,Delhi Daredevils,Delhi Daredevils,normal,0,Mumbai Indians,14,0,MJ McClenaghan
25,2017,Pune,22-04-2017,Sunrisers Hyderabad,Rising Pune Supergiant,Rising Pune Supergiant,normal,0,Rising Pune Supergiant,0,6,MS Dhoni
26,2017,Rajkot,23-04-2017,Kings XI Punjab,Gujarat Lions,Gujarat Lions,normal,0,Kings XI Punjab,26,0,HM Amla
27,2017,Kolkata,23-04-2017,Kolkata Knight Riders,Royal Challengers Bangalore,Royal Challengers Bangalore,normal,0,Kolkata Knight Riders,82,0,NM Coulter-Nile
28,2017,Mumbai,24-04-2017,Rising Pune Supergiant,Mumbai Indians,Mumbai Indians,normal,0,Rising Pune Supergiant,3,0,BA Stokes
29,2017,Pune,26-04-2017,Rising Pune Supergiant,Kolkata Knight Riders,Kolkata Knight Riders,normal,0,Kolkata Knight Riders,0,7,RV Uthappa
30,2017,Bangalore,27-04-2017,Royal Challengers Bangalore,Gujarat Lions,Gujarat Lions,normal,0,Gujarat Lions,0,7,AJ Tye
31,2017,Kolkata,28-04-2017,Delhi Daredevils,Kolkata Knight Riders,Kolkata Knight Riders,normal,0,Kolkata Knight Riders,0,7,G Gambhir
32,2017,Chandigarh,28-04-2017,Sunrisers Hyderabad,Kings XI Punjab,Kings XI Punjab,normal,0,Sunrisers Hyderabad,26,0,Rashid Khan
33,2017,Pune,29-04-2017,Rising Pune Supergiant,Royal Challengers Bangalore,Royal Challengers Bangalore,normal,0,Rising Pune Supergiant,61,0,LH Ferguson
34,2017,Rajkot,29-04-2017,Gujarat Lions,Mumbai Indians,Gujarat Lions,tie,0,Mumbai Indians,0,0,KH Pandya
35,2017,Chandigarh,30-04-2017,Delhi Daredevils,Kings XI Punjab,Kings XI Punjab,normal,0,Kings XI Punjab,0,10,Sandeep Sharma
36,2017,Hyderabad,30-04-2017,Sunrisers Hyderabad,Kolkata Knight Riders,Kolkata Knight Riders,normal,0,Sunrisers Hyderabad,48,0,DA Warner
37,2017,Mumbai,01-05-2017,Royal Challengers Bangalore,Mumbai Indians,Royal Challengers Bangalore,normal,0,Mumbai Indians,0,5,RG Sharma
38,2017,Pune,01-05-2017,Gujarat Lions,Rising Pune Supergiant,Rising Pune Supergiant,normal,0,Rising Pune Supergiant,0,5,BA Stokes
39,2017,Delhi,02-05-2017,Sunrisers Hyderabad,Delhi Daredevils,Delhi Daredevils,normal,0,Delhi Daredevils,0,6,Mohammed Shami
40,2017,Kolkata,03-05-2017,Kolkata Knight Riders,Rising Pune Supergiant,Rising Pune Supergiant,normal,0,Rising Pune Supergiant,0,4,RA Tripathi
41,2017,Delhi,04-05-2017,Gujarat Lions,Delhi Daredevils,Delhi Daredevils,normal,0,Delhi Daredevils,0,7,RR Pant
42,2017,Bangalore,05-05-2017,Kings XI Punjab,Royal Challengers Bangalore,Royal Challengers Bangalore,normal,0,Kings XI Punjab,19,0,Sandeep Sharma
43,2017,Hyderabad,06-05-2017,Rising Pune Supergiant,Sunrisers Hyderabad,Sunrisers Hyderabad,normal,0,Rising Pune Supergiant,12,0,JD Unadkat
44,2017,Delhi,06-05-2017,Mumbai Indians,Delhi Daredevils,Delhi Daredevils,normal,0,Mumbai Indians,146,0,LMP Simmons
45,2017,Bangalore,07-05-2017,Royal Challengers Bangalore,Kolkata Knight Riders,Kolkata Knight Riders,normal,0,Kolkata Knight Riders,0,6,SP Narine
46,2017,Chandigarh,07-05-2017,Kings XI Punjab,Gujarat Lions,Gujarat Lions,normal,0,Gujarat Lions,0,6,DR Smith
47,2017,Hyderabad,08-05-2017,Mumbai Indians,Sunrisers Hyderabad,Mumbai Indians,normal,0,Sunrisers Hyderabad,0,7,S Dhawan
48,2017,Chandigarh,09-05-2017,Kings XI Punjab,Kolkata Knight Riders,Kolkata Knight Riders,normal,0,Kings XI Punjab,14,0,MM Sharma
49,2017,Kanpur,10-05-2017,Gujarat Lions,Delhi Daredevils,Delhi Daredevils,normal,0,Delhi Daredevils,0,2,SS Iyer
50,2017,Mumbai,11-05-2017,Kings XI Punjab,Mumbai Indians,Mumbai Indians,normal,0,Kings XI Punjab,7,0,WP Saha
51,2017,Delhi,12-05-2017,Delhi Daredevils,Rising Pune Supergiant,Delhi Daredevils,normal,0,Delhi Daredevils,7,0,KK Nair
52,2017,Kanpur,13-05-2017,Gujarat Lions,Sunrisers Hyderabad,Sunrisers Hyderabad,normal,0,Sunrisers Hyderabad,0,8,Mohammed Siraj
53,2017,Kolkata,13-05-2017,Mumbai Indians,Kolkata Knight Riders,Kolkata Knight Riders,normal,0,Mumbai Indians,9,0,AT Rayudu
54,2017,Pune,14-05-2017,Kings XI Punjab,Rising Pune Supergiant,Rising Pune Supergiant,normal,0,Rising Pune Supergiant,0,9,JD Unadkat
55,2017,Delhi,14-05-2017,Royal Challengers Bangalore,Delhi Daredevils,Royal Challengers Bangalore,normal,0,Royal Challengers Bangalore,10,0,HV Patel
56,2017,Mumbai,16-05-2017,Rising Pune Supergiant,Mumbai Indians,Mumbai Indians,normal,0,Rising Pune Supergiant,20,0,Washington Sundar
57,2017,Bangalore,17-05-2017,Sunrisers Hyderabad,Kolkata Knight Riders,Kolkata Knight Riders,normal,1,Kolkata Knight Riders,0,7,NM Coulter-Nile
58,2017,Bangalore,19-05-2017,Kolkata Knight Riders,Mumbai Indians,Mumbai Indians,normal,0,Mumbai Indians,0,6,KV Sharma
59,2017,Hyderabad,21-05-2017,Mumbai Indians,Rising Pune Supergiant,Mumbai Indians,normal,0,Mumbai Indians,1,0,KH Pandya
60,2008,Bangalore,18-04-2008,Kolkata Knight Riders,Royal Challengers Bangalore,Royal Challengers Bangalore,normal,0,Kolkata Knight Riders,140,0,BB McCullum
61,2008,Chandigarh,19-04-2008,Chennai Super Kings,Kings XI Punjab,Chennai Super Kings,normal,0,Chennai Super Kings,33,0,MEK Hussey
62,2008,Delhi,19-04-2008,Rajasthan Royals,Delhi Daredevils,Rajasthan Royals,normal,0,Delhi Daredevils,0,9,MF Maharoof
63,2008,Mumbai,20-04-2008,Mumbai Indians,Royal Challengers Bangalore,Mumbai Indians,normal,0,Royal Challengers Bangalore,0,5,MV Boucher
64,2008,Kolkata,20-04-2008,Deccan Chargers,Kolkata Knight Riders,Deccan Chargers,normal,0,Kolkata Knight Riders,0,5,DJ Hussey
65,2008,Jaipur,21-04-2008,Kings XI Punjab,Rajasthan Royals,Kings XI Punjab,normal,0,Rajasthan Royals,0,6,SR Watson
66,2008,Hyderabad,22-04-2008,Deccan Chargers,Delhi Daredevils,Deccan Chargers,normal,0,Delhi Daredevils,0,9,V Sehwag
67,2008,Chennai,23-04-2008,Chennai Super Kings,Mumbai Indians,Mumbai Indians,normal,0,Chennai Super Kings,6,0,ML Hayden
68,2008,Hyderabad,24-04-2008,Deccan Chargers,Rajasthan Royals,Rajasthan Royals,normal,0,Rajasthan Royals,0,3,YK Pathan
69,2008,Chandigarh,25-04-2008,Kings XI Punjab,Mumbai Indians,Mumbai Indians,normal,0,Kings XI Punjab,66,0,KC Sangakkara
70,2008,Bangalore,26-04-2008,Royal Challengers Bangalore,Rajasthan Royals,Rajasthan Royals,normal,0,Rajasthan Royals,0,7,SR Watson
71,2008,Chennai,26-04-2008,Kolkata Knight Riders,Chennai Super Kings,Kolkata Knight Riders,normal,0,Chennai Super Kings,0,9,JDP Oram
72,2008,Mumbai,27-04-2008,Mumbai Indians,Deccan Chargers,Deccan Chargers,normal,0,Deccan Chargers,0,10,AC Gilchrist
73,2008,Chandigarh,27-04-2008,Delhi Daredevils,Kings XI Punjab,Delhi Daredevils,normal,0,Kings XI Punjab,0,4,SM Katich
74,2008,Bangalore,28-04-2008,Chennai Super Kings,Royal Challengers Bangalore,Chennai Super Kings,normal,0,Chennai Super Kings,13,0,MS Dhoni
75,2008,Kolkata,29-04-2008,Kolkata Knight Riders,Mumbai Indians,Kolkata Knight Riders,normal,0,Mumbai Indians,0,7,ST Jayasuriya
76,2008,Delhi,30-04-2008,Delhi Daredevils,Royal Challengers Bangalore,Royal Challengers Bangalore,normal,0,Delhi Daredevils,10,0,GD McGrath
77,2008,Hyderabad,01-05-2008,Deccan Chargers,Kings XI Punjab,Kings XI Punjab,normal,0,Kings XI Punjab,0,7,SE Marsh
78,2008,Jaipur,01-05-2008,Rajasthan Royals,Kolkata Knight Riders,Rajasthan Royals,normal,0,Rajasthan Royals,45,0,SA Asnodkar
79,2008,Chennai,02-05-2008,Chennai Super Kings,Delhi Daredevils,Chennai Super Kings,normal,0,Delhi Daredevils,0,8,V Sehwag
80,2008,Hyderabad,25-05-2008,Deccan Chargers,Royal Challengers Bangalore,Deccan Chargers,normal,0,Royal Challengers Bangalore,0,5,R Vinay Kumar
81,2008,Chandigarh,03-05-2008,Kings XI Punjab,Kolkata Knight Riders,Kings XI Punjab,normal,0,Kings XI Punjab,9,0,IK Pathan
82,2008,Mumbai,04-05-2008,Mumbai Indians,Delhi Daredevils,Delhi Daredevils,normal,0,Mumbai Indians,29,0,SM Pollock
83,2008,Jaipur,04-05-2008,Chennai Super Kings,Rajasthan Royals,Chennai Super Kings,normal,0,Rajasthan Royals,0,8,Sohail Tanvir
84,2008,Bangalore,05-05-2008,Royal Challengers Bangalore,Kings XI Punjab,Kings XI Punjab,normal,0,Kings XI Punjab,0,6,S Sreesanth
85,2008,Chennai,06-05-2008,Chennai Super Kings,Deccan Chargers,Deccan Chargers,normal,0,Deccan Chargers,0,7,AC Gilchrist
86,2008,Mumbai,07-05-2008,Rajasthan Royals,Mumbai Indians,Mumbai Indians,normal,0,Mumbai Indians,0,7,A Nehra
87,2008,Delhi,08-05-2008,Delhi Daredevils,Chennai Super Kings,Chennai Super Kings,normal,0,Chennai Super Kings,0,4,MS Dhoni
88,2008,Kolkata,08-05-2008,Kolkata Knight Riders,Royal Challengers Bangalore,Kolkata Knight Riders,normal,0,Kolkata Knight Riders,5,0,SC Ganguly
89,2008,Jaipur,09-05-2008,Deccan Chargers,Rajasthan Royals,Rajasthan Royals,normal,0,Rajasthan Royals,0,8,YK Pathan
90,2008,Bangalore,28-05-2008,Royal Challengers Bangalore,Mumbai Indians,Mumbai Indians,normal,0,Mumbai Indians,0,9,CRD Fernando
91,2008,Chennai,10-05-2008,Chennai Super Kings,Kings XI Punjab,Kings XI Punjab,normal,0,Chennai Super Kings,18,0,L Balaji
92,2008,Hyderabad,11-05-2008,Kolkata Knight Riders,Deccan Chargers,Kolkata Knight Riders,normal,0,Kolkata Knight Riders,23,0,SC Ganguly
93,2008,Jaipur,11-05-2008,Delhi Daredevils,Rajasthan Royals,Rajasthan Royals,normal,0,Rajasthan Royals,0,3,SR Watson
94,2008,Chandigarh,12-05-2008,Royal Challengers Bangalore,Kings XI Punjab,Royal Challengers Bangalore,normal,0,Kings XI Punjab,0,9,SE Marsh
95,2008,Kolkata,13-05-2008,Kolkata Knight Riders,Delhi Daredevils,Kolkata Knight Riders,normal,0,Kolkata Knight Riders,23,0,Shoaib Akhtar
96,2008,Mumbai,14-05-2008,Chennai Super Kings,Mumbai Indians,Mumbai Indians,normal,0,Mumbai Indians,0,9,ST Jayasuriya
97,2008,Chandigarh,28-05-2008,Kings XI Punjab,Rajasthan Royals,Rajasthan Royals,normal,0,Kings XI Punjab,41,0,SE Marsh
98,2008,Delhi,15-05-2008,Delhi Daredevils,Deccan Chargers,Deccan Chargers,normal,0,Delhi Daredevils,12,0,A Mishra
99,2008,Mumbai,16-05-2008,Kolkata Knight Riders,Mumbai Indians,Mumbai Indians,normal,0,Mumbai Indians,0,8,SM Pollock
100,2008,Delhi,17-05-2008,Delhi Daredevils,Kings XI Punjab,Delhi Daredevils,normal,1,Kings XI Punjab,6,0,DPMD Jayawardene
101,2008,Jaipur,17-05-2008,Rajasthan Royals,Royal Challengers Bangalore,Royal Challengers Bangalore,normal,0,Rajasthan Royals,65,0,GC Smith
102,2008,Hyderabad,18-05-2008,Mumbai Indians,Deccan Chargers,Deccan Chargers,normal,0,Mumbai Indians,25,0,DJ Bravo
103,2008,Kolkata,18-05-2008,Kolkata Knight Riders,Chennai Super Kings,Kolkata Knight Riders,normal,1,Chennai Super Kings,3,0,M Ntini
104,2008,Bangalore,19-05-2008,Royal Challengers Bangalore,Delhi Daredevils,Delhi Daredevils,normal,0,Delhi Daredevils,0,5,SP Goswami
105,2008,Kolkata,20-05-2008,Kolkata Knight Riders,Rajasthan Royals,Rajasthan Royals,normal,0,Rajasthan Royals,0,6,YK Pathan
106,2008,Mumbai,21-05-2008,Kings XI Punjab,Mumbai Indians,Mumbai Indians,normal,0,Kings XI Punjab,1,0,SE Marsh
107,2008,Chennai,21-05-2008,Royal Challengers Bangalore,Chennai Super Kings,Royal Challengers Bangalore,normal,0,Royal Challengers Bangalore,14,0,A Kumble
108,2008,Chandigarh,23-05-2008,Deccan Chargers,Kings XI Punjab,Kings XI Punjab,normal,0,Kings XI Punjab,0,6,SE Marsh
109,2008,Delhi,24-05-2008,Mumbai Indians,Delhi Daredevils,Delhi Daredevils,normal,0,Delhi Daredevils,0,5,KD Karthik
110,2008,Chennai,24-05-2008,Rajasthan Royals,Chennai Super Kings,Rajasthan Royals,normal,0,Rajasthan Royals,10,0,JA Morkel
111,2008,Bangalore,03-05-2008,Royal Challengers Bangalore,Deccan Chargers,Deccan Chargers,normal,0,Royal Challengers Bangalore,3,0,P Kumar
112,2008,Kolkata,25-05-2008,Kings XI Punjab,Kolkata Knight Riders,Kings XI Punjab,normal,0,Kolkata Knight Riders,0,3,Umar Gul
113,2008,Jaipur,26-05-2008,Mumbai Indians,Rajasthan Royals,Rajasthan Royals,normal,0,Rajasthan Royals,0,5,Sohail Tanvir
114,2008,Hyderabad,27-05-2008,Deccan Chargers,Chennai Super Kings,Deccan Chargers,normal,0,Chennai Super Kings,0,7,SK Raina
115,2008,Mumbai,30-05-2008,Rajasthan Royals,Delhi Daredevils,Delhi Daredevils,normal,0,Rajasthan Royals,105,0,SR Watson
116,2008,Mumbai,31-05-2008,Kings XI Punjab,Chennai Super Kings,Kings XI Punjab,normal,0,Chennai Super Kings,0,9,M Ntini
117,2008,Mumbai,01-06-2008,Chennai Super Kings,Rajasthan Royals,Rajasthan Royals,normal,0,Rajasthan Royals,0,3,YK Pathan
118,2009,Cape Town,18-04-2009,Mumbai Indians,Chennai Super Kings,Chennai Super Kings,normal,0,Mumbai Indians,19,0,SR Tendulkar
119,2009,Cape Town,18-04-2009,Royal Challengers Bangalore,Rajasthan Royals,Royal Challengers Bangalore,normal,0,Royal Challengers Bangalore,75,0,R Dravid
120,2009,Cape Town,19-04-2009,Kings XI Punjab,Delhi Daredevils,Delhi Daredevils,normal,1,Delhi Daredevils,0,10,DL Vettori
121,2009,Cape Town,19-04-2009,Kolkata Knight Riders,Deccan Chargers,Kolkata Knight Riders,normal,0,Deccan Chargers,0,8,RP Singh
122,2009,Port Elizabeth,20-04-2009,Chennai Super Kings,Royal Challengers Bangalore,Chennai Super Kings,normal,0,Chennai Super Kings,92,0,M Muralitharan
123,2009,Durban,21-04-2009,Kings XI Punjab,Kolkata Knight Riders,Kolkata Knight Riders,normal,1,Kolkata Knight Riders,11,0,CH Gayle
124,2009,Cape Town,22-04-2009,Deccan Chargers,Royal Challengers Bangalore,Deccan Chargers,normal,0,Deccan Chargers,24,0,AC Gilchrist
125,2009,Durban,23-04-2009,Delhi Daredevils,Chennai Super Kings,Delhi Daredevils,normal,0,Delhi Daredevils,9,0,AB de Villiers
126,2009,Cape Town,23-04-2009,Rajasthan Royals,Kolkata Knight Riders,Kolkata Knight Riders,tie,0,Rajasthan Royals,0,0,YK Pathan
127,2009,Durban,24-04-2009,Royal Challengers Bangalore,Kings XI Punjab,Royal Challengers Bangalore,normal,0,Kings XI Punjab,0,7,RS Bopara
128,2009,Durban,25-04-2009,Deccan Chargers,Mumbai Indians,Deccan Chargers,normal,0,Deccan Chargers,12,0,PP Ojha
129,2009,Port Elizabeth,26-04-2009,Royal Challengers Bangalore,Delhi Daredevils,Royal Challengers Bangalore,normal,0,Delhi Daredevils,0,6,TM Dilshan
130,2009,Cape Town,26-04-2009,Kings XI Punjab,Rajasthan Royals,Kings XI Punjab,normal,0,Kings XI Punjab,27,0,KC Sangakkara
131,2009,Durban,27-04-2009,Chennai Super Kings,Deccan Chargers,Deccan Chargers,normal,0,Deccan Chargers,0,6,HH Gibbs
132,2009,Port Elizabeth,27-04-2009,Mumbai Indians,Kolkata Knight Riders,Mumbai Indians,normal,0,Mumbai Indians,92,0,SR Tendulkar
133,2009,Centurion,28-04-2009,Delhi Daredevils,Rajasthan Royals,Delhi Daredevils,normal,0,Rajasthan Royals,0,5,YK Pathan
134,2009,Durban,29-04-2009,Kolkata Knight Riders,Royal Challengers Bangalore,Kolkata Knight Riders,normal,0,Royal Challengers Bangalore,0,5,MV Boucher
135,2009,Durban,29-04-2009,Kings XI Punjab,Mumbai Indians,Kings XI Punjab,normal,0,Kings XI Punjab,3,0,KC Sangakkara
136,2009,Centurion,30-04-2009,Deccan Chargers,Delhi Daredevils,Delhi Daredevils,normal,0,Delhi Daredevils,0,6,DP Nannes
137,2009,Centurion,30-04-2009,Chennai Super Kings,Rajasthan Royals,Rajasthan Royals,normal,0,Chennai Super Kings,38,0,SK Raina
138,2009,East London,01-05-2009,Mumbai Indians,Kolkata Knight Riders,Mumbai Indians,normal,0,Mumbai Indians,9,0,JP Duminy
139,2009,Durban,01-05-2009,Royal Challengers Bangalore,Kings XI Punjab,Royal Challengers Bangalore,normal,0,Royal Challengers Bangalore,8,0,Yuvraj Singh
140,2009,Port Elizabeth,02-05-2009,Deccan Chargers,Rajasthan Royals,Deccan Chargers,normal,0,Rajasthan Royals,0,3,YK Pathan
141,2009,Johannesburg,02-05-2009,Chennai Super Kings,Delhi Daredevils,Delhi Daredevils,normal,0,Chennai Super Kings,18,0,SB Jakati
142,2009,Port Elizabeth,03-05-2009,Kolkata Knight Riders,Kings XI Punjab,Kolkata Knight Riders,normal,0,Kings XI Punjab,0,6,DPMD Jayawardene
143,2009,Johannesburg,03-05-2009,Mumbai Indians,Royal Challengers Bangalore,Mumbai Indians,normal,0,Royal Challengers Bangalore,0,9,JH Kallis
144,2009,East London,04-05-2009,Chennai Super Kings,Deccan Chargers,Chennai Super Kings,normal,0,Chennai Super Kings,78,0,MS Dhoni
145,2009,Durban,05-05-2009,Rajasthan Royals,Kings XI Punjab,Kings XI Punjab,normal,0,Rajasthan Royals,78,0,GC Smith
146,2009,Durban,05-05-2009,Kolkata Knight Riders,Delhi Daredevils,Kolkata Knight Riders,normal,0,Delhi Daredevils,0,9,G Gambhir
147,2009,Centurion,06-05-2009,Deccan Chargers,Mumbai Indians,Deccan Chargers,normal,0,Deccan Chargers,19,0,RG Sharma
148,2009,Centurion,07-05-2009,Royal Challengers Bangalore,Rajasthan Royals,Rajasthan Royals,normal,0,Rajasthan Royals,0,7,A Singh
149,2009,Centurion,07-05-2009,Chennai Super Kings,Kings XI Punjab,Chennai Super Kings,normal,1,Chennai Super Kings,12,0,ML Hayden
150,2009,East London,08-05-2009,Mumbai Indians,Delhi Daredevils,Mumbai Indians,normal,0,Delhi Daredevils,0,7,A Nehra
151,2009,Kimberley,09-05-2009,Deccan Chargers,Kings XI Punjab,Kings XI Punjab,normal,0,Kings XI Punjab,0,3,DPMD Jayawardene
152,2009,Kimberley,09-05-2009,Rajasthan Royals,Chennai Super Kings,Rajasthan Royals,normal,0,Chennai Super Kings,0,7,S Badrinath
153,2009,Port Elizabeth,10-05-2009,Mumbai Indians,Royal Challengers Bangalore,Mumbai Indians,normal,0,Mumbai Indians,16,0,JP Duminy
154,2009,Johannesburg,10-05-2009,Kolkata Knight Riders,Delhi Daredevils,Delhi Daredevils,normal,0,Delhi Daredevils,0,7,A Mishra
155,2009,Kimberley,11-05-2009,Deccan Chargers,Rajasthan Royals,Deccan Chargers,normal,0,Deccan Chargers,53,0,DR Smith
156,2009,Centurion,12-05-2009,Kolkata Knight Riders,Royal Challengers Bangalore,Royal Challengers Bangalore,normal,0,Royal Challengers Bangalore,0,6,LRPL Taylor
157,2009,Centurion,12-05-2009,Kings XI Punjab,Mumbai Indians,Kings XI Punjab,normal,0,Mumbai Indians,0,8,Harbhajan Singh
158,2009,Durban,13-05-2009,Delhi Daredevils,Deccan Chargers,Deccan Chargers,normal,0,Delhi Daredevils,12,0,R Bhatia
159,2009,Durban,14-05-2009,Chennai Super Kings,Royal Challengers Bangalore,Chennai Super Kings,normal,0,Royal Challengers Bangalore,0,2,LRPL Taylor
160,2009,Durban,14-05-2009,Rajasthan Royals,Mumbai Indians,Rajasthan Royals,normal,0,Rajasthan Royals,2,0,SK Warne
161,2009,Bloemfontein,15-05-2009,Delhi Daredevils,Kings XI Punjab,Kings XI Punjab,normal,0,Kings XI Punjab,0,6,B Lee
162,2009,Port Elizabeth,16-05-2009,Mumbai Indians,Chennai Super Kings,Mumbai Indians,normal,0,Chennai Super Kings,0,7,ML Hayden
163,2009,Johannesburg,16-05-2009,Kolkata Knight Riders,Deccan Chargers,Deccan Chargers,normal,0,Deccan Chargers,0,6,RG Sharma
164,2009,Johannesburg,17-05-2009,Kings XI Punjab,Deccan Chargers,Deccan Chargers,normal,0,Kings XI Punjab,1,0,Yuvraj Singh
165,2009,Bloemfontein,17-05-2009,Delhi Daredevils,Rajasthan Royals,Delhi Daredevils,normal,0,Delhi Daredevils,14,0,AB de Villiers
166,2009,Centurion,18-05-2009,Chennai Super Kings,Kolkata Knight Riders,Chennai Super Kings,normal,0,Kolkata Knight Riders,0,7,BJ Hodge
167,2009,Johannesburg,19-05-2009,Delhi Daredevils,Royal Challengers Bangalore,Delhi Daredevils,normal,0,Royal Challengers Bangalore,0,7,JH Kallis
168,2009,Durban,20-05-2009,Rajasthan Royals,Kolkata Knight Riders,Kolkata Knight Riders,normal,0,Kolkata Knight Riders,0,4,LR Shukla
169,2009,Durban,20-05-2009,Chennai Super Kings,Kings XI Punjab,Chennai Super Kings,normal,0,Chennai Super Kings,24,0,M Muralitharan
170,2009,Centurion,21-05-2009,Mumbai Indians,Delhi Daredevils,Delhi Daredevils,normal,0,Delhi Daredevils,0,4,V Sehwag
171,2009,Centurion,21-05-2009,Royal Challengers Bangalore,Deccan Chargers,Royal Challengers Bangalore,normal,0,Royal Challengers Bangalore,12,0,MK Pandey
172,2009,Centurion,22-05-2009,Delhi Daredevils,Deccan Chargers,Deccan Chargers,normal,0,Deccan Chargers,0,6,AC Gilchrist
173,2009,Johannesburg,23-05-2009,Chennai Super Kings,Royal Challengers Bangalore,Royal Challengers Bangalore,normal,0,Royal Challengers Bangalore,0,6,MK Pandey
174,2009,Johannesburg,24-05-2009,Deccan Chargers,Royal Challengers Bangalore,Royal Challengers Bangalore,normal,0,Deccan Chargers,6,0,A Kumble
175,2010,Mumbai,12-03-2010,Kolkata Knight Riders,Deccan Chargers,Deccan Chargers,normal,0,Kolkata Knight Riders,11,0,AD Mathews
176,2010,Mumbai,13-03-2010,Mumbai Indians,Rajasthan Royals,Mumbai Indians,normal,0,Mumbai Indians,4,0,YK Pathan
177,2010,Chandigarh,13-03-2010,Kings XI Punjab,Delhi Daredevils,Delhi Daredevils,normal,0,Delhi Daredevils,0,5,G Gambhir
178,2010,Kolkata,14-03-2010,Royal Challengers Bangalore,Kolkata Knight Riders,Kolkata Knight Riders,normal,0,Kolkata Knight Riders,0,7,MK Tiwary
179,2010,Chennai,14-03-2010,Deccan Chargers,Chennai Super Kings,Deccan Chargers,normal,0,Deccan Chargers,31,0,WPUJC Vaas
180,2010,Ahmedabad,15-03-2010,Rajasthan Royals,Delhi Daredevils,Delhi Daredevils,normal,0,Delhi Daredevils,0,6,V Sehwag
181,2010,Bangalore,16-03-2010,Kings XI Punjab,Royal Challengers Bangalore,Kings XI Punjab,normal,0,Royal Challengers Bangalore,0,8,JH Kallis
182,2010,Kolkata,16-03-2010,Chennai Super Kings,Kolkata Knight Riders,Chennai Super Kings,normal,0,Chennai Super Kings,55,0,MS Dhoni
183,2010,Delhi,17-03-2010,Mumbai Indians,Delhi Daredevils,Delhi Daredevils,normal,0,Mumbai Indians,98,0,SR Tendulkar
184,2010,Bangalore,18-03-2010,Rajasthan Royals,Royal Challengers Bangalore,Royal Challengers Bangalore,normal,0,Royal Challengers Bangalore,0,10,JH Kallis
185,2010,Delhi,19-03-2010,Delhi Daredevils,Chennai Super Kings,Delhi Daredevils,normal,0,Chennai Super Kings,0,5,ML Hayden
186,2010,Cuttack,19-03-2010,Deccan Chargers,Kings XI Punjab,Kings XI Punjab,normal,0,Deccan Chargers,6,0,A Symonds
187,2010,Ahmedabad,20-03-2010,Rajasthan Royals,Kolkata Knight Riders,Rajasthan Royals,normal,0,Rajasthan Royals,34,0,AA Jhunjhunwala
188,2010,Mumbai,20-03-2010,Mumbai Indians,Royal Challengers Bangalore,Mumbai Indians,normal,0,Royal Challengers Bangalore,0,7,JH Kallis
189,2010,Cuttack,21-03-2010,Deccan Chargers,Delhi Daredevils,Deccan Chargers,normal,0,Deccan Chargers,10,0,A Symonds
190,2010,Chennai,21-03-2010,Kings XI Punjab,Chennai Super Kings,Chennai Super Kings,tie,0,Kings XI Punjab,0,0,J Theron
191,2010,Mumbai,22-03-2010,Kolkata Knight Riders,Mumbai Indians,Kolkata Knight Riders,normal,0,Mumbai Indians,0,7,SR Tendulkar
192,2010,Bangalore,23-03-2010,Royal Challengers Bangalore,Chennai Super Kings,Chennai Super Kings,normal,0,Royal Challengers Bangalore,36,0,RV Uthappa
193,2010,Chandigarh,24-03-2010,Rajasthan Royals,Kings XI Punjab,Kings XI Punjab,normal,0,Rajasthan Royals,31,0,AC Voges
194,2010,Mumbai,25-03-2010,Chennai Super Kings,Mumbai Indians,Mumbai Indians,normal,0,Mumbai Indians,0,5,SR Tendulkar
195,2010,Ahmedabad,26-03-2010,Deccan Chargers,Rajasthan Royals,Deccan Chargers,normal,0,Rajasthan Royals,0,8,YK Pathan
196,2010,Chandigarh,27-03-2010,Kolkata Knight Riders,Kings XI Punjab,Kolkata Knight Riders,normal,0,Kolkata Knight Riders,39,0,MK Tiwary
197,2010,Bangalore,25-03-2010,Delhi Daredevils,Royal Challengers Bangalore,Royal Challengers Bangalore,normal,0,Delhi Daredevils,17,0,KM Jadhav
198,2010,Ahmedabad,28-03-2010,Rajasthan Royals,Chennai Super Kings,Rajasthan Royals,normal,0,Rajasthan Royals,17,0,NV Ojha
199,2010,Mumbai,28-03-2010,Mumbai Indians,Deccan Chargers,Deccan Chargers,normal,0,Mumbai Indians,41,0,Harbhajan Singh
200,2010,Delhi,29-03-2010,Delhi Daredevils,Kolkata Knight Riders,Delhi Daredevils,normal,0,Delhi Daredevils,40,0,DA Warner
201,2010,Mumbai,30-03-2010,Kings XI Punjab,Mumbai Indians,Mumbai Indians,normal,0,Mumbai Indians,0,4,SL Malinga
202,2010,Chennai,31-03-2010,Royal Challengers Bangalore,Chennai Super Kings,Royal Challengers Bangalore,normal,0,Chennai Super Kings,0,5,M Vijay
203,2010,Delhi,31-03-2010,Delhi Daredevils,Rajasthan Royals,Delhi Daredevils,normal,0,Delhi Daredevils,67,0,KD Karthik
204,2010,Kolkata,01-04-2010,Kolkata Knight Riders,Deccan Chargers,Kolkata Knight Riders,normal,0,Kolkata Knight Riders,24,0,SC Ganguly
205,2010,Chandigarh,02-04-2010,Kings XI Punjab,Royal Challengers Bangalore,Kings XI Punjab,normal,0,Royal Challengers Bangalore,0,6,KP Pietersen
206,2010,Chennai,03-04-2010,Chennai Super Kings,Rajasthan Royals,Chennai Super Kings,normal,0,Chennai Super Kings,23,0,M Vijay
207,2010,Mumbai,03-04-2010,Mumbai Indians,Deccan Chargers,Mumbai Indians,normal,0,Mumbai Indians,63,0,AT Rayudu
208,2010,Kolkata,04-04-2010,Kolkata Knight Riders,Kings XI Punjab,Kolkata Knight Riders,normal,0,Kings XI Punjab,0,8,DPMD Jayawardene
209,2010,Delhi,04-04-2010,Delhi Daredevils,Royal Challengers Bangalore,Delhi Daredevils,normal,0,Delhi Daredevils,37,0,PD Collingwood
210,2010,Nagpur,05-04-2010,Rajasthan Royals,Deccan Chargers,Rajasthan Royals,normal,0,Rajasthan Royals,2,0,SK Warne
211,2010,Chennai,06-04-2010,Chennai Super Kings,Mumbai Indians,Chennai Super Kings,normal,0,Chennai Super Kings,24,0,SK Raina
212,2010,Jaipur,07-04-2010,Kings XI Punjab,Rajasthan Royals,Kings XI Punjab,normal,0,Rajasthan Royals,0,9,MJ Lumb
213,2010,Kolkata,07-04-2010,Kolkata Knight Riders,Delhi Daredevils,Kolkata Knight Riders,normal,0,Kolkata Knight Riders,14,0,SC Ganguly
214,2010,Bangalore,08-04-2010,Royal Challengers Bangalore,Deccan Chargers,Deccan Chargers,normal,0,Deccan Chargers,0,7,TL Suman
215,2010,Chandigarh,09-04-2010,Mumbai Indians,Kings XI Punjab,Mumbai Indians,normal,0,Kings XI Punjab,0,6,KC Sangakkara
216,2010,Nagpur,10-04-2010,Chennai Super Kings,Deccan Chargers,Chennai Super Kings,normal,0,Deccan Chargers,0,6,RJ Harris
217,2010,Bangalore,10-04-2010,Kolkata Knight Riders,Royal Challengers Bangalore,Royal Challengers Bangalore,normal,0,Royal Challengers Bangalore,0,7,R Vinay Kumar
218,2010,Delhi,11-04-2010,Delhi Daredevils,Kings XI Punjab,Delhi Daredevils,normal,0,Kings XI Punjab,0,7,PP Chawla
219,2010,Jaipur,11-04-2010,Mumbai Indians,Rajasthan Royals,Rajasthan Royals,normal,0,Mumbai Indians,37,0,SR Tendulkar
220,2010,Nagpur,12-04-2010,Deccan Chargers,Royal Challengers Bangalore,Royal Challengers Bangalore,normal,0,Deccan Chargers,13,0,Harmeet Singh
221,2010,Mumbai,13-04-2010,Mumbai Indians,Delhi Daredevils,Mumbai Indians,normal,0,Mumbai Indians,39,0,KA Pollard
222,2010,Chennai,13-04-2010,Kolkata Knight Riders,Chennai Super Kings,Kolkata Knight Riders,normal,0,Chennai Super Kings,0,9,R Ashwin
223,2010,Jaipur,14-04-2010,Rajasthan Royals,Royal Challengers Bangalore,Rajasthan Royals,normal,0,Royal Challengers Bangalore,0,5,KP Pietersen
224,2010,Chennai,15-04-2010,Chennai Super Kings,Delhi Daredevils,Chennai Super Kings,normal,0,Delhi Daredevils,0,6,G Gambhir
225,2010,Dharamsala,16-04-2010,Kings XI Punjab,Deccan Chargers,Deccan Chargers,normal,0,Deccan Chargers,0,5,RG Sharma
226,2010,Bangalore,17-04-2010,Mumbai Indians,Royal Challengers Bangalore,Royal Challengers Bangalore,normal,0,Mumbai Indians,57,0,R McLaren
227,2010,Kolkata,17-04-2010,Rajasthan Royals,Kolkata Knight Riders,Rajasthan Royals,normal,0,Kolkata Knight Riders,0,8,JD Unadkat
228,2010,Dharamsala,18-04-2010,Kings XI Punjab,Chennai Super Kings,Chennai Super Kings,normal,0,Chennai Super Kings,0,6,MS Dhoni
229,2010,Delhi,18-04-2010,Deccan Chargers,Delhi Daredevils,Deccan Chargers,normal,0,Deccan Chargers,11,0,A Symonds
230,2010,Kolkata,19-04-2010,Mumbai Indians,Kolkata Knight Riders,Mumbai Indians,normal,0,Kolkata Knight Riders,0,9,M Kartik
231,2010,Mumbai,21-04-2010,Mumbai Indians,Royal Challengers Bangalore,Mumbai Indians,normal,0,Mumbai Indians,35,0,KA Pollard
232,2010,Mumbai,22-04-2010,Chennai Super Kings,Deccan Chargers,Chennai Super Kings,normal,0,Chennai Super Kings,38,0,DE Bollinger
233,2010,Mumbai,24-04-2010,Deccan Chargers,Royal Challengers Bangalore,Deccan Chargers,normal,0,Royal Challengers Bangalore,0,9,A Kumble
234,2010,Mumbai,25-04-2010,Chennai Super Kings,Mumbai Indians,Chennai Super Kings,normal,0,Chennai Super Kings,22,0,SK Raina
235,2011,Chennai,08-04-2011,Chennai Super Kings,Kolkata Knight Riders,Chennai Super Kings,normal,0,Chennai Super Kings,2,0,S Anirudha
236,2011,Hyderabad,09-04-2011,Deccan Chargers,Rajasthan Royals,Rajasthan Royals,normal,0,Rajasthan Royals,0,8,SK Trivedi
237,2011,Kochi,09-04-2011,Kochi Tuskers Kerala,Royal Challengers Bangalore,Kochi Tuskers Kerala,normal,0,Royal Challengers Bangalore,0,6,AB de Villiers
238,2011,Delhi,10-04-2011,Delhi Daredevils,Mumbai Indians,Delhi Daredevils,normal,0,Mumbai Indians,0,8,SL Malinga
239,2011,Mumbai,10-04-2011,Kings XI Punjab,Pune Warriors,Kings XI Punjab,normal,0,Pune Warriors,0,7,SB Wagh
240,2011,Kolkata,11-04-2011,Kolkata Knight Riders,Deccan Chargers,Kolkata Knight Riders,normal,0,Kolkata Knight Riders,9,0,JH Kallis
241,2011,Jaipur,12-04-2011,Delhi Daredevils,Rajasthan Royals,Delhi Daredevils,normal,0,Rajasthan Royals,0,6,SK Warne
242,2011,Bangalore,12-04-2011,Royal Challengers Bangalore,Mumbai Indians,Mumbai Indians,normal,0,Mumbai Indians,0,9,SR Tendulkar
243,2011,Chandigarh,13-04-2011,Chennai Super Kings,Kings XI Punjab,Kings XI Punjab,normal,0,Kings XI Punjab,0,6,PC Valthaty
244,2011,Mumbai,13-04-2011,Kochi Tuskers Kerala,Pune Warriors,Kochi Tuskers Kerala,normal,0,Pune Warriors,0,4,MD Mishra
245,2011,Hyderabad,14-04-2011,Deccan Chargers,Royal Challengers Bangalore,Royal Challengers Bangalore,normal,0,Deccan Chargers,33,0,DW Steyn
246,2011,Jaipur,15-04-2011,Rajasthan Royals,Kolkata Knight Riders,Kolkata Knight Riders,normal,0,Kolkata Knight Riders,0,9,G Gambhir
247,2011,Mumbai,15-04-2011,Mumbai Indians,Kochi Tuskers Kerala,Kochi Tuskers Kerala,normal,0,Kochi Tuskers Kerala,0,8,BB McCullum
248,2011,Chennai,16-04-2011,Chennai Super Kings,Royal Challengers Bangalore,Chennai Super Kings,normal,0,Chennai Super Kings,21,0,MEK Hussey
249,2011,Hyderabad,16-04-2011,Deccan Chargers,Kings XI Punjab,Kings XI Punjab,normal,0,Kings XI Punjab,0,8,PC Valthaty
250,2011,Mumbai,17-04-2011,Pune Warriors,Delhi Daredevils,Delhi Daredevils,normal,0,Delhi Daredevils,0,3,Yuvraj Singh
251,2011,Kolkata,17-04-2011,Rajasthan Royals,Kolkata Knight Riders,Kolkata Knight Riders,normal,0,Kolkata Knight Riders,0,8,L Balaji
252,2011,Kochi,18-04-2011,Chennai Super Kings,Kochi Tuskers Kerala,Kochi Tuskers Kerala,normal,1,Kochi Tuskers Kerala,0,7,BB McCullum
253,2011,Delhi,19-04-2011,Deccan Chargers,Delhi Daredevils,Deccan Chargers,normal,0,Deccan Chargers,16,0,S Sohal
254,2011,Mumbai,20-04-2011,Pune Warriors,Mumbai Indians,Pune Warriors,normal,0,Mumbai Indians,0,7,MM Patel
255,2011,Kolkata,20-04-2011,Kochi Tuskers Kerala,Kolkata Knight Riders,Kolkata Knight Riders,normal,0,Kochi Tuskers Kerala,6,0,DPMD Jayawardene
256,2011,Chandigarh,21-04-2011,Kings XI Punjab,Rajasthan Royals,Rajasthan Royals,normal,0,Kings XI Punjab,48,0,SE Marsh
257,2011,Mumbai,22-04-2011,Mumbai Indians,Chennai Super Kings,Chennai Super Kings,normal,0,Mumbai Indians,8,0,Harbhajan Singh
258,2011,Kolkata,22-04-2011,Kolkata Knight Riders,Royal Challengers Bangalore,Royal Challengers Bangalore,normal,0,Royal Challengers Bangalore,0,9,CH Gayle
259,2011,Delhi,23-04-2011,Delhi Daredevils,Kings XI Punjab,Kings XI Punjab,normal,0,Delhi Daredevils,29,0,DA Warner
260,2011,Hyderabad,24-04-2011,Mumbai Indians,Deccan Chargers,Deccan Chargers,normal,0,Mumbai Indians,37,0,SL Malinga
261,2011,Jaipur,24-04-2011,Kochi Tuskers Kerala,Rajasthan Royals,Rajasthan Royals,normal,0,Rajasthan Royals,0,8,SK Warne
262,2011,Chennai,25-04-2011,Chennai Super Kings,Pune Warriors,Pune Warriors,normal,0,Chennai Super Kings,25,0,MEK Hussey
263,2011,Delhi,26-04-2011,Delhi Daredevils,Royal Challengers Bangalore,Royal Challengers Bangalore,normal,0,Royal Challengers Bangalore,0,3,V Kohli
264,2011,Mumbai,27-04-2011,Pune Warriors,Chennai Super Kings,Pune Warriors,normal,0,Chennai Super Kings,0,8,DE Bollinger
265,2011,Kochi,27-04-2011,Deccan Chargers,Kochi Tuskers Kerala,Kochi Tuskers Kerala,normal,0,Deccan Chargers,55,0,I Sharma
266,2011,Delhi,28-04-2011,Kolkata Knight Riders,Delhi Daredevils,Delhi Daredevils,normal,0,Kolkata Knight Riders,17,0,MK Tiwary
267,2011,Jaipur,29-04-2011,Mumbai Indians,Rajasthan Royals,Rajasthan Royals,normal,0,Rajasthan Royals,0,7,J Botha
268,2011,Bangalore,29-04-2011,Royal Challengers Bangalore,Pune Warriors,Pune Warriors,normal,0,Royal Challengers Bangalore,26,0,V Kohli
269,2011,Kochi,30-04-2011,Delhi Daredevils,Kochi Tuskers Kerala,Delhi Daredevils,normal,0,Delhi Daredevils,38,0,V Sehwag
270,2011,Kolkata,30-04-2011,Kings XI Punjab,Kolkata Knight Riders,Kolkata Knight Riders,normal,0,Kolkata Knight Riders,0,8,Iqbal Abdulla
271,2011,Jaipur,01-05-2011,Pune Warriors,Rajasthan Royals,Rajasthan Royals,normal,0,Rajasthan Royals,0,6,LRPL Taylor
272,2011,Chennai,01-05-2011,Chennai Super Kings,Deccan Chargers,Chennai Super Kings,normal,0,Chennai Super Kings,19,0,JA Morkel
273,2011,Mumbai,02-05-2011,Mumbai Indians,Kings XI Punjab,Kings XI Punjab,normal,0,Mumbai Indians,23,0,KA Pollard
274,2011,Delhi,02-05-2011,Delhi Daredevils,Kochi Tuskers Kerala,Kochi Tuskers Kerala,normal,0,Kochi Tuskers Kerala,0,7,P Parameswaran
275,2011,Hyderabad,03-05-2011,Kolkata Knight Riders,Deccan Chargers,Deccan Chargers,normal,0,Kolkata Knight Riders,20,0,YK Pathan
276,2011,Chennai,04-05-2011,Rajasthan Royals,Chennai Super Kings,Rajasthan Royals,normal,0,Chennai Super Kings,0,8,MEK Hussey
277,2011,Mumbai,04-05-2011,Mumbai Indians,Pune Warriors,Pune Warriors,normal,0,Mumbai Indians,21,0,R Sharma
278,2011,Kochi,05-05-2011,Kochi Tuskers Kerala,Kolkata Knight Riders,Kolkata Knight Riders,normal,0,Kochi Tuskers Kerala,17,0,BJ Hodge
279,2011,Hyderabad,05-05-2011,Deccan Chargers,Delhi Daredevils,Delhi Daredevils,normal,0,Delhi Daredevils,0,4,V Sehwag
280,2011,Bangalore,06-05-2011,Royal Challengers Bangalore,Kings XI Punjab,Kings XI Punjab,normal,0,Royal Challengers Bangalore,85,0,CH Gayle
281,2011,Kolkata,07-05-2011,Chennai Super Kings,Kolkata Knight Riders,Chennai Super Kings,normal,1,Kolkata Knight Riders,10,0,Iqbal Abdulla
282,2011,Mumbai,07-05-2011,Mumbai Indians,Delhi Daredevils,Delhi Daredevils,normal,0,Mumbai Indians,32,0,AT Rayudu
283,2011,Bangalore,08-05-2011,Kochi Tuskers Kerala,Royal Challengers Bangalore,Kochi Tuskers Kerala,normal,0,Royal Challengers Bangalore,0,9,CH Gayle
284,2011,Chandigarh,08-05-2011,Kings XI Punjab,Pune Warriors,Kings XI Punjab,normal,0,Pune Warriors,0,5,R Sharma
285,2011,Jaipur,09-05-2011,Chennai Super Kings,Rajasthan Royals,Rajasthan Royals,normal,0,Chennai Super Kings,63,0,M Vijay
286,2011,Hyderabad,10-05-2011,Deccan Chargers,Pune Warriors,Deccan Chargers,normal,0,Pune Warriors,0,6,MR Marsh
287,2011,Chandigarh,10-05-2011,Kings XI Punjab,Mumbai Indians,Mumbai Indians,normal,0,Kings XI Punjab,76,0,BA Bhatt
288,2011,Jaipur,11-05-2011,Rajasthan Royals,Royal Challengers Bangalore,Royal Challengers Bangalore,normal,0,Royal Challengers Bangalore,0,9,S Aravind
289,2011,Chennai,12-05-2011,Chennai Super Kings,Delhi Daredevils,Chennai Super Kings,normal,0,Chennai Super Kings,18,0,MS Dhoni
290,2011,Indore,13-05-2011,Kochi Tuskers Kerala,Kings XI Punjab,Kings XI Punjab,normal,0,Kings XI Punjab,0,6,KD Karthik
291,2011,Bangalore,14-05-2011,Kolkata Knight Riders,Royal Challengers Bangalore,Royal Challengers Bangalore,normal,1,Royal Challengers Bangalore,0,4,CH Gayle
292,2011,Mumbai,14-05-2011,Deccan Chargers,Mumbai Indians,Deccan Chargers,normal,0,Deccan Chargers,10,0,A Mishra
293,2011,Dharamsala,15-05-2011,Kings XI Punjab,Delhi Daredevils,Delhi Daredevils,normal,0,Kings XI Punjab,29,0,PP Chawla
294,2011,Indore,15-05-2011,Rajasthan Royals,Kochi Tuskers Kerala,Kochi Tuskers Kerala,normal,0,Kochi Tuskers Kerala,0,8,BJ Hodge
295,2011,Mumbai,16-05-2011,Pune Warriors,Deccan Chargers,Deccan Chargers,normal,0,Deccan Chargers,0,6,A Mishra
296,2011,Dharamsala,17-05-2011,Kings XI Punjab,Royal Challengers Bangalore,Kings XI Punjab,normal,0,Kings XI Punjab,111,0,AC Gilchrist
297,2011,Chennai,18-05-2011,Chennai Super Kings,Kochi Tuskers Kerala,Chennai Super Kings,normal,0,Chennai Super Kings,11,0,WP Saha
298,2011,Mumbai,19-05-2011,Pune Warriors,Kolkata Knight Riders,Kolkata Knight Riders,normal,0,Kolkata Knight Riders,0,7,YK Pathan
299,2011,Mumbai,20-05-2011,Mumbai Indians,Rajasthan Royals,Mumbai Indians,normal,0,Rajasthan Royals,0,10,SR Watson
300,2011,Dharamsala,21-05-2011,Deccan Chargers,Kings XI Punjab,Kings XI Punjab,normal,0,Deccan Chargers,82,0,S Dhawan
301,2011,Delhi,21-05-2011,Delhi Daredevils,Pune Warriors,Delhi Daredevils,no result,0,,0,0,
302,2011,Bangalore,22-05-2011,Chennai Super Kings,Royal Challengers Bangalore,Royal Challengers Bangalore,normal,0,Royal Challengers Bangalore,0,8,CH Gayle
303,2011,Kolkata,22-05-2011,Kolkata Knight Riders,Mumbai Indians,Mumbai Indians,normal,0,Mumbai Indians,0,5,JEC Franklin
304,2011,Mumbai,24-05-2011,Royal Challengers Bangalore,Chennai Super Kings,Chennai Super Kings,normal,0,Chennai Super Kings,0,6,SK Raina
305,2011,Mumbai,25-05-2011,Kolkata Knight Riders,Mumbai Indians,Mumbai Indians,normal,0,Mumbai Indians,0,4,MM Patel
306,2011,Chennai,27-05-2011,Royal Challengers Bangalore,Mumbai Indians,Mumbai Indians,normal,0,Royal Challengers Bangalore,43,0,CH Gayle
307,2011,Chennai,28-05-2011,Chennai Super Kings,Royal Challengers Bangalore,Chennai Super Kings,normal,0,Chennai Super Kings,58,0,M Vijay
308,2012,Chennai,04-04-2012,Chennai Super Kings,Mumbai Indians,Mumbai Indians,normal,0,Mumbai Indians,0,8,RE Levi
309,2012,Kolkata,05-04-2012,Kolkata Knight Riders,Delhi Daredevils,Delhi Daredevils,normal,0,Delhi Daredevils,0,8,IK Pathan
310,2012,Mumbai,06-04-2012,Pune Warriors,Mumbai Indians,Mumbai Indians,normal,0,Pune Warriors,28,0,SPD Smith
311,2012,Jaipur,06-04-2012,Rajasthan Royals,Kings XI Punjab,Kings XI Punjab,normal,0,Rajasthan Royals,31,0,AM Rahane
312,2012,Bangalore,07-04-2012,Royal Challengers Bangalore,Delhi Daredevils,Delhi Daredevils,normal,0,Royal Challengers Bangalore,20,0,AB de Villiers
313,2012,Visakhapatnam,07-04-2012,Chennai Super Kings,Deccan Chargers,Deccan Chargers,normal,0,Chennai Super Kings,74,0,RA Jadeja
314,2012,Jaipur,08-04-2012,Rajasthan Royals,Kolkata Knight Riders,Kolkata Knight Riders,normal,0,Rajasthan Royals,22,0,BJ Hodge
315,2012,Pune,08-04-2012,Pune Warriors,Kings XI Punjab,Pune Warriors,normal,0,Pune Warriors,22,0,MN Samuels
316,2012,Visakhapatnam,09-04-2012,Deccan Chargers,Mumbai Indians,Deccan Chargers,normal,0,Mumbai Indians,0,5,RG Sharma
317,2012,Bangalore,10-04-2012,Kolkata Knight Riders,Royal Challengers Bangalore,Royal Challengers Bangalore,normal,0,Kolkata Knight Riders,42,0,L Balaji
318,2012,Delhi,10-04-2012,Chennai Super Kings,Delhi Daredevils,Delhi Daredevils,normal,0,Delhi Daredevils,0,8,M Morkel
319,2012,Mumbai,11-04-2012,Mumbai Indians,Rajasthan Royals,Rajasthan Royals,normal,0,Mumbai Indians,27,0,KA Pollard
320,2012,Chennai,12-04-2012,Royal Challengers Bangalore,Chennai Super Kings,Royal Challengers Bangalore,normal,0,Chennai Super Kings,0,5,F du Plessis
321,2012,Chandigarh,12-04-2012,Pune Warriors,Kings XI Punjab,Kings XI Punjab,normal,0,Kings XI Punjab,0,7,AD Mascarenhas
322,2012,Kolkata,13-04-2012,Rajasthan Royals,Kolkata Knight Riders,Rajasthan Royals,normal,0,Kolkata Knight Riders,0,5,Shakib Al Hasan
323,2012,Delhi,19-04-2012,Deccan Chargers,Delhi Daredevils,Deccan Chargers,normal,0,Delhi Daredevils,0,5,KP Pietersen
324,2012,Pune,14-04-2012,Chennai Super Kings,Pune Warriors,Chennai Super Kings,normal,0,Pune Warriors,0,7,JD Ryder
325,2012,Kolkata,15-04-2012,Kings XI Punjab,Kolkata Knight Riders,Kolkata Knight Riders,normal,0,Kings XI Punjab,2,0,SP Narine
326,2012,Bangalore,15-04-2012,Rajasthan Royals,Royal Challengers Bangalore,Rajasthan Royals,normal,0,Rajasthan Royals,59,0,AM Rahane
327,2012,Mumbai,16-04-2012,Mumbai Indians,Delhi Daredevils,Delhi Daredevils,normal,0,Delhi Daredevils,0,7,S Nadeem
328,2012,Jaipur,17-04-2012,Deccan Chargers,Rajasthan Royals,Deccan Chargers,normal,0,Rajasthan Royals,0,5,BJ Hodge
329,2012,Bangalore,17-04-2012,Pune Warriors,Royal Challengers Bangalore,Pune Warriors,normal,0,Royal Challengers Bangalore,0,6,CH Gayle
330,2012,Chandigarh,18-04-2012,Kings XI Punjab,Kolkata Knight Riders,Kings XI Punjab,normal,0,Kolkata Knight Riders,0,8,G Gambhir
331,2012,Hyderabad,10-05-2012,Deccan Chargers,Delhi Daredevils,Deccan Chargers,normal,0,Delhi Daredevils,0,9,DA Warner
332,2012,Chennai,19-04-2012,Chennai Super Kings,Pune Warriors,Pune Warriors,normal,0,Chennai Super Kings,13,0,KMDN Kulasekara
333,2012,Chandigarh,20-04-2012,Kings XI Punjab,Royal Challengers Bangalore,Royal Challengers Bangalore,normal,0,Royal Challengers Bangalore,0,5,CH Gayle
334,2012,Chennai,21-04-2012,Rajasthan Royals,Chennai Super Kings,Rajasthan Royals,normal,0,Chennai Super Kings,0,7,F du Plessis
335,2012,Delhi,21-04-2012,Pune Warriors,Delhi Daredevils,Delhi Daredevils,normal,0,Pune Warriors,20,0,SC Ganguly
336,2012,Mumbai,22-04-2012,Mumbai Indians,Kings XI Punjab,Mumbai Indians,normal,0,Kings XI Punjab,0,6,SE Marsh
337,2012,Cuttack,22-04-2012,Deccan Chargers,Kolkata Knight Riders,Kolkata Knight Riders,normal,0,Kolkata Knight Riders,0,5,B Lee
338,2012,Jaipur,23-04-2012,Royal Challengers Bangalore,Rajasthan Royals,Rajasthan Royals,normal,0,Royal Challengers Bangalore,46,0,AB de Villiers
339,2012,Pune,24-04-2012,Pune Warriors,Delhi Daredevils,Pune Warriors,normal,0,Delhi Daredevils,0,8,V Sehwag
340,2012,Chandigarh,25-04-2012,Kings XI Punjab,Mumbai Indians,Kings XI Punjab,normal,0,Mumbai Indians,0,4,AT Rayudu
341,2012,Pune,26-04-2012,Deccan Chargers,Pune Warriors,Deccan Chargers,normal,0,Deccan Chargers,18,0,CL White
342,2012,Delhi,27-04-2012,Delhi Daredevils,Mumbai Indians,Mumbai Indians,normal,0,Delhi Daredevils,37,0,V Sehwag
343,2012,Chennai,28-04-2012,Kings XI Punjab,Chennai Super Kings,Kings XI Punjab,normal,0,Kings XI Punjab,7,0,Mandeep Singh
344,2012,Kolkata,28-04-2012,Kolkata Knight Riders,Royal Challengers Bangalore,Kolkata Knight Riders,normal,0,Kolkata Knight Riders,47,0,G Gambhir
345,2012,Delhi,29-04-2012,Delhi Daredevils,Rajasthan Royals,Delhi Daredevils,normal,0,Delhi Daredevils,1,0,V Sehwag
346,2012,Mumbai,29-04-2012,Deccan Chargers,Mumbai Indians,Mumbai Indians,normal,0,Mumbai Indians,0,5,DW Steyn
347,2012,Chennai,30-04-2012,Chennai Super Kings,Kolkata Knight Riders,Chennai Super Kings,normal,0,Kolkata Knight Riders,0,5,G Gambhir
348,2012,Cuttack,01-05-2012,Deccan Chargers,Pune Warriors,Deccan Chargers,normal,0,Deccan Chargers,13,0,KC Sangakkara
349,2012,Jaipur,01-05-2012,Rajasthan Royals,Delhi Daredevils,Rajasthan Royals,normal,0,Delhi Daredevils,0,6,P Negi
350,2012,Bangalore,02-05-2012,Royal Challengers Bangalore,Kings XI Punjab,Kings XI Punjab,normal,0,Kings XI Punjab,0,4,Azhar Mahmood
351,2012,Pune,03-05-2012,Mumbai Indians,Pune Warriors,Mumbai Indians,normal,0,Mumbai Indians,1,0,SL Malinga
352,2012,Chennai,04-05-2012,Chennai Super Kings,Deccan Chargers,Chennai Super Kings,normal,0,Chennai Super Kings,10,0,SK Raina
353,2012,Kolkata,05-05-2012,Kolkata Knight Riders,Pune Warriors,Kolkata Knight Riders,normal,0,Kolkata Knight Riders,7,0,SP Narine
354,2012,Chandigarh,05-05-2012,Rajasthan Royals,Kings XI Punjab,Rajasthan Royals,normal,0,Rajasthan Royals,43,0,SR Watson
355,2012,Mumbai,06-05-2012,Chennai Super Kings,Mumbai Indians,Mumbai Indians,normal,0,Mumbai Indians,0,2,DR Smith
356,2012,Bangalore,06-05-2012,Deccan Chargers,Royal Challengers Bangalore,Royal Challengers Bangalore,normal,0,Royal Challengers Bangalore,0,5,AB de Villiers
357,2012,Delhi,07-05-2012,Delhi Daredevils,Kolkata Knight Riders,Delhi Daredevils,normal,0,Kolkata Knight Riders,0,6,JH Kallis
358,2012,Pune,08-05-2012,Pune Warriors,Rajasthan Royals,Pune Warriors,normal,0,Rajasthan Royals,0,7,SR Watson
359,2012,Hyderabad,08-05-2012,Kings XI Punjab,Deccan Chargers,Deccan Chargers,normal,0,Kings XI Punjab,25,0,Mandeep Singh
360,2012,Mumbai,09-05-2012,Mumbai Indians,Royal Challengers Bangalore,Royal Challengers Bangalore,normal,0,Royal Challengers Bangalore,0,9,CH Gayle
361,2012,Jaipur,10-05-2012,Rajasthan Royals,Chennai Super Kings,Chennai Super Kings,normal,0,Chennai Super Kings,0,4,BW Hilfenhaus
362,2012,Pune,11-05-2012,Royal Challengers Bangalore,Pune Warriors,Pune Warriors,normal,0,Royal Challengers Bangalore,35,0,CH Gayle
363,2012,Kolkata,12-05-2012,Mumbai Indians,Kolkata Knight Riders,Mumbai Indians,normal,0,Mumbai Indians,27,0,RG Sharma
364,2012,Chennai,12-05-2012,Delhi Daredevils,Chennai Super Kings,Chennai Super Kings,normal,0,Chennai Super Kings,0,9,BW Hilfenhaus
365,2012,Jaipur,13-05-2012,Rajasthan Royals,Pune Warriors,Rajasthan Royals,normal,0,Rajasthan Royals,45,0,A Chandila
366,2012,Chandigarh,13-05-2012,Deccan Chargers,Kings XI Punjab,Deccan Chargers,normal,0,Kings XI Punjab,0,4,DJ Hussey
367,2012,Bangalore,14-05-2012,Royal Challengers Bangalore,Mumbai Indians,Mumbai Indians,normal,0,Mumbai Indians,0,5,AT Rayudu
368,2012,Kolkata,14-05-2012,Kolkata Knight Riders,Chennai Super Kings,Chennai Super Kings,normal,0,Chennai Super Kings,0,5,MEK Hussey
369,2012,Delhi,15-05-2012,Kings XI Punjab,Delhi Daredevils,Kings XI Punjab,normal,0,Delhi Daredevils,0,5,UT Yadav
370,2012,Mumbai,16-05-2012,Kolkata Knight Riders,Mumbai Indians,Mumbai Indians,normal,0,Kolkata Knight Riders,32,0,SP Narine
371,2012,Dharamsala,17-05-2012,Chennai Super Kings,Kings XI Punjab,Kings XI Punjab,normal,0,Kings XI Punjab,0,6,AC Gilchrist
372,2012,Delhi,17-05-2012,Royal Challengers Bangalore,Delhi Daredevils,Delhi Daredevils,normal,0,Royal Challengers Bangalore,21,0,CH Gayle
373,2012,Hyderabad,18-05-2012,Rajasthan Royals,Deccan Chargers,Rajasthan Royals,normal,0,Deccan Chargers,0,5,DW Steyn
374,2012,Dharamsala,19-05-2012,Kings XI Punjab,Delhi Daredevils,Delhi Daredevils,normal,0,Delhi Daredevils,0,6,UT Yadav
375,2012,Pune,19-05-2012,Kolkata Knight Riders,Pune Warriors,Kolkata Knight Riders,normal,0,Kolkata Knight Riders,34,0,Shakib Al Hasan
376,2012,Hyderabad,20-05-2012,Deccan Chargers,Royal Challengers Bangalore,Royal Challengers Bangalore,normal,0,Deccan Chargers,9,0,DW Steyn
377,2012,Jaipur,20-05-2012,Rajasthan Royals,Mumbai Indians,Rajasthan Royals,normal,0,Mumbai Indians,0,10,DR Smith
378,2012,Pune,22-05-2012,Kolkata Knight Riders,Delhi Daredevils,Kolkata Knight Riders,normal,0,Kolkata Knight Riders,18,0,YK Pathan
379,2012,Bangalore,23-05-2012,Chennai Super Kings,Mumbai Indians,Mumbai Indians,normal,0,Chennai Super Kings,38,0,MS Dhoni
380,2012,Chennai,25-05-2012,Chennai Super Kings,Delhi Daredevils,Delhi Daredevils,normal,0,Chennai Super Kings,86,0,M Vijay
381,2012,Chennai,27-05-2012,Chennai Super Kings,Kolkata Knight Riders,Chennai Super Kings,normal,0,Kolkata Knight Riders,0,5,MS Bisla
382,2013,Kolkata,03-04-2013,Delhi Daredevils,Kolkata Knight Riders,Kolkata Knight Riders,normal,0,Kolkata Knight Riders,0,6,SP Narine
383,2013,Bangalore,04-04-2013,Royal Challengers Bangalore,Mumbai Indians,Mumbai Indians,normal,0,Royal Challengers Bangalore,2,0,CH Gayle
384,2013,Hyderabad,05-04-2013,Sunrisers Hyderabad,Pune Warriors,Pune Warriors,normal,0,Sunrisers Hyderabad,22,0,A Mishra
385,2013,Delhi,06-04-2013,Rajasthan Royals,Delhi Daredevils,Rajasthan Royals,normal,0,Rajasthan Royals,5,0,R Dravid
386,2013,Chennai,06-04-2013,Mumbai Indians,Chennai Super Kings,Mumbai Indians,normal,0,Mumbai Indians,9,0,KA Pollard
387,2013,Pune,07-04-2013,Pune Warriors,Kings XI Punjab,Pune Warriors,normal,0,Kings XI Punjab,0,8,M Vohra
388,2013,Hyderabad,07-04-2013,Royal Challengers Bangalore,Sunrisers Hyderabad,Royal Challengers Bangalore,tie,0,Sunrisers Hyderabad,0,0,GH Vihari
389,2013,Jaipur,08-04-2013,Rajasthan Royals,Kolkata Knight Riders,Kolkata Knight Riders,normal,0,Rajasthan Royals,19,0,SK Trivedi
390,2013,Mumbai,09-04-2013,Mumbai Indians,Delhi Daredevils,Mumbai Indians,normal,0,Mumbai Indians,44,0,KD Karthik
391,2013,Chandigarh,10-04-2013,Kings XI Punjab,Chennai Super Kings,Chennai Super Kings,normal,0,Chennai Super Kings,0,10,MEK Hussey
392,2013,Bangalore,11-04-2013,Kolkata Knight Riders,Royal Challengers Bangalore,Royal Challengers Bangalore,normal,0,Royal Challengers Bangalore,0,8,CH Gayle
393,2013,Pune,11-04-2013,Rajasthan Royals,Pune Warriors,Rajasthan Royals,normal,0,Pune Warriors,0,7,AJ Finch
394,2013,Delhi,12-04-2013,Delhi Daredevils,Sunrisers Hyderabad,Delhi Daredevils,normal,0,Sunrisers Hyderabad,0,3,A Mishra
395,2013,Mumbai,13-04-2013,Mumbai Indians,Pune Warriors,Mumbai Indians,normal,0,Mumbai Indians,41,0,RG Sharma
396,2013,Chennai,13-04-2013,Royal Challengers Bangalore,Chennai Super Kings,Chennai Super Kings,normal,0,Chennai Super Kings,0,4,RA Jadeja
397,2013,Kolkata,14-04-2013,Kolkata Knight Riders,Sunrisers Hyderabad,Kolkata Knight Riders,normal,0,Kolkata Knight Riders,48,0,G Gambhir
398,2013,Jaipur,14-04-2013,Kings XI Punjab,Rajasthan Royals,Rajasthan Royals,normal,0,Rajasthan Royals,0,6,JP Faulkner
399,2013,Chennai,15-04-2013,Pune Warriors,Chennai Super Kings,Pune Warriors,normal,0,Pune Warriors,24,0,SPD Smith
400,2013,Chandigarh,16-04-2013,Kings XI Punjab,Kolkata Knight Riders,Kolkata Knight Riders,normal,0,Kings XI Punjab,4,0,MS Gony
401,2013,Bangalore,16-04-2013,Delhi Daredevils,Royal Challengers Bangalore,Royal Challengers Bangalore,tie,0,Royal Challengers Bangalore,0,0,V Kohli
402,2013,Pune,17-04-2013,Sunrisers Hyderabad,Pune Warriors,Pune Warriors,normal,0,Sunrisers Hyderabad,11,0,A Mishra
403,2013,Jaipur,17-04-2013,Rajasthan Royals,Mumbai Indians,Rajasthan Royals,normal,0,Rajasthan Royals,87,0,AM Rahane
404,2013,Delhi,18-04-2013,Chennai Super Kings,Delhi Daredevils,Chennai Super Kings,normal,0,Chennai Super Kings,86,0,MEK Hussey
405,2013,Hyderabad,19-04-2013,Kings XI Punjab,Sunrisers Hyderabad,Kings XI Punjab,normal,0,Sunrisers Hyderabad,0,5,GH Vihari
406,2013,Kolkata,20-04-2013,Kolkata Knight Riders,Chennai Super Kings,Kolkata Knight Riders,normal,0,Chennai Super Kings,0,4,RA Jadeja
407,2013,Bangalore,20-04-2013,Rajasthan Royals,Royal Challengers Bangalore,Royal Challengers Bangalore,normal,0,Royal Challengers Bangalore,0,7,R Vinay Kumar
408,2013,Delhi,21-04-2013,Mumbai Indians,Delhi Daredevils,Mumbai Indians,normal,0,Delhi Daredevils,0,9,V Sehwag
409,2013,Chandigarh,21-04-2013,Pune Warriors,Kings XI Punjab,Kings XI Punjab,normal,0,Kings XI Punjab,0,7,DA Miller
410,2013,Chennai,22-04-2013,Rajasthan Royals,Chennai Super Kings,Rajasthan Royals,normal,0,Chennai Super Kings,0,5,MEK Hussey
411,2013,Bangalore,23-04-2013,Royal Challengers Bangalore,Pune Warriors,Pune Warriors,normal,0,Royal Challengers Bangalore,130,0,CH Gayle
412,2013,Dharamsala,16-05-2013,Kings XI Punjab,Delhi Daredevils,Delhi Daredevils,normal,0,Kings XI Punjab,7,0,DA Miller
413,2013,Kolkata,24-04-2013,Kolkata Knight Riders,Mumbai Indians,Kolkata Knight Riders,normal,0,Mumbai Indians,0,5,DR Smith
414,2013,Chennai,25-04-2013,Sunrisers Hyderabad,Chennai Super Kings,Sunrisers Hyderabad,normal,0,Chennai Super Kings,0,5,MS Dhoni
415,2013,Kolkata,26-04-2013,Kings XI Punjab,Kolkata Knight Riders,Kings XI Punjab,normal,0,Kolkata Knight Riders,0,6,JH Kallis
416,2013,Jaipur,27-04-2013,Sunrisers Hyderabad,Rajasthan Royals,Sunrisers Hyderabad,normal,0,Rajasthan Royals,0,8,JP Faulkner
417,2013,Mumbai,27-04-2013,Mumbai Indians,Royal Challengers Bangalore,Mumbai Indians,normal,0,Mumbai Indians,58,0,DR Smith
418,2013,Chennai,28-04-2013,Chennai Super Kings,Kolkata Knight Riders,Kolkata Knight Riders,normal,0,Chennai Super Kings,14,0,MEK Hussey
419,2013,Raipur,28-04-2013,Delhi Daredevils,Pune Warriors,Pune Warriors,normal,0,Delhi Daredevils,15,0,DA Warner
420,2013,Jaipur,29-04-2013,Royal Challengers Bangalore,Rajasthan Royals,Rajasthan Royals,normal,0,Rajasthan Royals,0,4,SV Samson
421,2013,Mumbai,29-04-2013,Mumbai Indians,Kings XI Punjab,Mumbai Indians,normal,0,Mumbai Indians,4,0,RG Sharma
422,2013,Pune,30-04-2013,Chennai Super Kings,Pune Warriors,Chennai Super Kings,normal,0,Chennai Super Kings,37,0,MS Dhoni
423,2013,Hyderabad,01-05-2013,Mumbai Indians,Sunrisers Hyderabad,Mumbai Indians,normal,0,Sunrisers Hyderabad,0,7,I Sharma
424,2013,Raipur,01-05-2013,Kolkata Knight Riders,Delhi Daredevils,Kolkata Knight Riders,normal,0,Delhi Daredevils,0,7,DA Warner
425,2013,Chennai,02-05-2013,Chennai Super Kings,Kings XI Punjab,Chennai Super Kings,normal,0,Chennai Super Kings,15,0,SK Raina
426,2013,Pune,02-05-2013,Royal Challengers Bangalore,Pune Warriors,Royal Challengers Bangalore,normal,0,Royal Challengers Bangalore,17,0,AB de Villiers
427,2013,Kolkata,03-05-2013,Rajasthan Royals,Kolkata Knight Riders,Rajasthan Royals,normal,0,Kolkata Knight Riders,0,8,YK Pathan
428,2013,Hyderabad,04-05-2013,Delhi Daredevils,Sunrisers Hyderabad,Delhi Daredevils,normal,0,Sunrisers Hyderabad,0,6,DJG Sammy
429,2013,Bangalore,14-05-2013,Royal Challengers Bangalore,Kings XI Punjab,Kings XI Punjab,normal,0,Kings XI Punjab,0,7,AC Gilchrist
430,2013,Mumbai,05-05-2013,Mumbai Indians,Chennai Super Kings,Mumbai Indians,normal,0,Mumbai Indians,60,0,MG Johnson
431,2013,Jaipur,05-05-2013,Pune Warriors,Rajasthan Royals,Pune Warriors,normal,0,Rajasthan Royals,0,5,AM Rahane
432,2013,Bangalore,09-04-2013,Sunrisers Hyderabad,Royal Challengers Bangalore,Sunrisers Hyderabad,normal,0,Royal Challengers Bangalore,0,7,V Kohli
433,2013,Jaipur,07-05-2013,Delhi Daredevils,Rajasthan Royals,Delhi Daredevils,normal,0,Rajasthan Royals,0,9,AM Rahane
434,2013,Mumbai,07-05-2013,Mumbai Indians,Kolkata Knight Riders,Mumbai Indians,normal,0,Mumbai Indians,65,0,SR Tendulkar
435,2013,Hyderabad,08-05-2013,Chennai Super Kings,Sunrisers Hyderabad,Sunrisers Hyderabad,normal,0,Chennai Super Kings,77,0,SK Raina
436,2013,Chandigarh,09-05-2013,Kings XI Punjab,Rajasthan Royals,Rajasthan Royals,normal,0,Rajasthan Royals,0,8,KK Cooper
437,2013,Pune,09-05-2013,Kolkata Knight Riders,Pune Warriors,Kolkata Knight Riders,normal,0,Kolkata Knight Riders,46,0,G Gambhir
438,2013,Delhi,10-05-2013,Royal Challengers Bangalore,Delhi Daredevils,Delhi Daredevils,normal,0,Royal Challengers Bangalore,4,0,JD Unadkat
439,2013,Pune,11-05-2013,Pune Warriors,Mumbai Indians,Pune Warriors,normal,0,Mumbai Indians,0,5,MG Johnson
440,2013,Chandigarh,11-05-2013,Sunrisers Hyderabad,Kings XI Punjab,Kings XI Punjab,normal,0,Sunrisers Hyderabad,30,0,PA Patel
441,2013,Ranchi,12-05-2013,Royal Challengers Bangalore,Kolkata Knight Riders,Kolkata Knight Riders,normal,0,Kolkata Knight Riders,0,5,JH Kallis
442,2013,Jaipur,12-05-2013,Chennai Super Kings,Rajasthan Royals,Rajasthan Royals,normal,0,Rajasthan Royals,0,5,SR Watson
443,2013,Delhi,23-04-2013,Delhi Daredevils,Kings XI Punjab,Kings XI Punjab,normal,0,Kings XI Punjab,0,5,Harmeet Singh
444,2013,Mumbai,13-05-2013,Sunrisers Hyderabad,Mumbai Indians,Sunrisers Hyderabad,normal,0,Mumbai Indians,0,7,KA Pollard
445,2013,Ranchi,15-05-2013,Pune Warriors,Kolkata Knight Riders,Kolkata Knight Riders,normal,0,Pune Warriors,7,0,MK Pandey
446,2013,Chennai,14-05-2013,Chennai Super Kings,Delhi Daredevils,Chennai Super Kings,normal,0,Chennai Super Kings,33,0,MS Dhoni
447,2013,Mumbai,15-05-2013,Mumbai Indians,Rajasthan Royals,Rajasthan Royals,normal,0,Mumbai Indians,14,0,AP Tare
448,2013,Chandigarh,06-05-2013,Royal Challengers Bangalore,Kings XI Punjab,Kings XI Punjab,normal,0,Kings XI Punjab,0,6,DA Miller
449,2013,Hyderabad,17-05-2013,Sunrisers Hyderabad,Rajasthan Royals,Sunrisers Hyderabad,normal,0,Sunrisers Hyderabad,23,0,A Mishra
450,2013,Dharamsala,18-05-2013,Kings XI Punjab,Mumbai Indians,Mumbai Indians,normal,0,Kings XI Punjab,50,0,Azhar Mahmood
451,2013,Pune,19-05-2013,Pune Warriors,Delhi Daredevils,Pune Warriors,normal,0,Pune Warriors,38,0,LJ Wright
452,2013,Bangalore,18-05-2013,Royal Challengers Bangalore,Chennai Super Kings,Chennai Super Kings,normal,0,Royal Challengers Bangalore,24,0,V Kohli
453,2013,Hyderabad,19-05-2013,Kolkata Knight Riders,Sunrisers Hyderabad,Kolkata Knight Riders,normal,0,Sunrisers Hyderabad,0,5,PA Patel
454,2013,Delhi,21-05-2013,Chennai Super Kings,Mumbai Indians,Chennai Super Kings,normal,0,Chennai Super Kings,48,0,MEK Hussey
455,2013,Delhi,22-05-2013,Sunrisers Hyderabad,Rajasthan Royals,Sunrisers Hyderabad,normal,0,Rajasthan Royals,0,4,BJ Hodge
456,2013,Kolkata,24-05-2013,Rajasthan Royals,Mumbai Indians,Rajasthan Royals,normal,0,Mumbai Indians,0,4,Harbhajan Singh
457,2013,Kolkata,26-05-2013,Mumbai Indians,Chennai Super Kings,Mumbai Indians,normal,0,Mumbai Indians,23,0,KA Pollard
458,2014,Abu Dhabi,16-04-2014,Kolkata Knight Riders,Mumbai Indians,Kolkata Knight Riders,normal,0,Kolkata Knight Riders,41,0,JH Kallis
459,2014,Sharjah,17-04-2014,Delhi Daredevils,Royal Challengers Bangalore,Royal Challengers Bangalore,normal,0,Royal Challengers Bangalore,0,8,YS Chahal
460,2014,Abu Dhabi,18-04-2014,Chennai Super Kings,Kings XI Punjab,Chennai Super Kings,normal,0,Kings XI Punjab,0,6,GJ Maxwell
461,2014,Abu Dhabi,18-04-2014,Sunrisers Hyderabad,Rajasthan Royals,Rajasthan Royals,normal,0,Rajasthan Royals,0,4,AM Rahane
462,2014,,19-04-2014,Mumbai Indians,Royal Challengers Bangalore,Royal Challengers Bangalore,normal,0,Royal Challengers Bangalore,0,7,PA Patel
463,2014,,19-04-2014,Kolkata Knight Riders,Delhi Daredevils,Kolkata Knight Riders,normal,0,Delhi Daredevils,0,4,JP Duminy
464,2014,Sharjah,20-04-2014,Rajasthan Royals,Kings XI Punjab,Kings XI Punjab,normal,0,Kings XI Punjab,0,7,GJ Maxwell
465,2014,Abu Dhabi,21-04-2014,Chennai Super Kings,Delhi Daredevils,Chennai Super Kings,normal,0,Chennai Super Kings,93,0,SK Raina
466,2014,Sharjah,22-04-2014,Kings XI Punjab,Sunrisers Hyderabad,Sunrisers Hyderabad,normal,0,Kings XI Punjab,72,0,GJ Maxwell
467,2014,,23-04-2014,Chennai Super Kings,Rajasthan Royals,Rajasthan Royals,normal,0,Chennai Super Kings,7,0,RA Jadeja
468,2014,Sharjah,24-04-2014,Kolkata Knight Riders,Royal Challengers Bangalore,Royal Challengers Bangalore,normal,0,Kolkata Knight Riders,2,0,CA Lynn
469,2014,,25-04-2014,Sunrisers Hyderabad,Delhi Daredevils,Sunrisers Hyderabad,normal,0,Sunrisers Hyderabad,4,0,AJ Finch
470,2014,,25-04-2014,Mumbai Indians,Chennai Super Kings,Mumbai Indians,normal,0,Chennai Super Kings,0,7,MM Sharma
471,2014,Abu Dhabi,26-04-2014,Royal Challengers Bangalore,Rajasthan Royals,Rajasthan Royals,normal,0,Rajasthan Royals,0,6,PV Tambe
472,2014,Abu Dhabi,26-04-2014,Kings XI Punjab,Kolkata Knight Riders,Kolkata Knight Riders,normal,0,Kings XI Punjab,23,0,Sandeep Sharma
473,2014,Sharjah,27-04-2014,Mumbai Indians,Delhi Daredevils,Mumbai Indians,normal,0,Delhi Daredevils,0,6,M Vijay
474,2014,Sharjah,27-04-2014,Sunrisers Hyderabad,Chennai Super Kings,Sunrisers Hyderabad,normal,0,Chennai Super Kings,0,5,DR Smith
475,2014,,28-04-2014,Royal Challengers Bangalore,Kings XI Punjab,Kings XI Punjab,normal,0,Kings XI Punjab,0,5,Sandeep Sharma
476,2014,Abu Dhabi,29-04-2014,Rajasthan Royals,Kolkata Knight Riders,Rajasthan Royals,tie,0,Rajasthan Royals,0,0,JP Faulkner
477,2014,,30-04-2014,Sunrisers Hyderabad,Mumbai Indians,Mumbai Indians,normal,0,Sunrisers Hyderabad,15,0,B Kumar
478,2014,Ranchi,02-05-2014,Chennai Super Kings,Kolkata Knight Riders,Chennai Super Kings,normal,0,Chennai Super Kings,34,0,RA Jadeja
479,2014,Mumbai,03-05-2014,Kings XI Punjab,Mumbai Indians,Kings XI Punjab,normal,0,Mumbai Indians,0,5,CJ Anderson
480,2014,Delhi,03-05-2014,Delhi Daredevils,Rajasthan Royals,Rajasthan Royals,normal,0,Rajasthan Royals,0,7,KK Nair
481,2014,Bangalore,04-05-2014,Sunrisers Hyderabad,Royal Challengers Bangalore,Royal Challengers Bangalore,normal,0,Royal Challengers Bangalore,0,4,AB de Villiers
482,2014,Ahmedabad,05-05-2014,Rajasthan Royals,Kolkata Knight Riders,Kolkata Knight Riders,normal,0,Rajasthan Royals,10,0,PV Tambe
483,2014,Delhi,05-05-2014,Delhi Daredevils,Chennai Super Kings,Chennai Super Kings,normal,0,Chennai Super Kings,0,8,DR Smith
484,2014,Mumbai,06-05-2014,Mumbai Indians,Royal Challengers Bangalore,Royal Challengers Bangalore,normal,0,Mumbai Indians,19,0,RG Sharma
485,2014,Delhi,07-05-2014,Delhi Daredevils,Kolkata Knight Riders,Delhi Daredevils,normal,0,Kolkata Knight Riders,0,8,G Gambhir
486,2014,Cuttack,07-05-2014,Kings XI Punjab,Chennai Super Kings,Chennai Super Kings,normal,0,Kings XI Punjab,44,0,GJ Maxwell
487,2014,Ahmedabad,08-05-2014,Sunrisers Hyderabad,Rajasthan Royals,Rajasthan Royals,normal,0,Sunrisers Hyderabad,32,0,B Kumar
488,2014,Bangalore,09-05-2014,Kings XI Punjab,Royal Challengers Bangalore,Royal Challengers Bangalore,normal,0,Kings XI Punjab,32,0,Sandeep Sharma
489,2014,Delhi,10-05-2014,Delhi Daredevils,Sunrisers Hyderabad,Sunrisers Hyderabad,normal,1,Sunrisers Hyderabad,0,8,DW Steyn
490,2014,Mumbai,10-05-2014,Mumbai Indians,Chennai Super Kings,Chennai Super Kings,normal,0,Chennai Super Kings,0,4,DR Smith
491,2014,Cuttack,11-05-2014,Kings XI Punjab,Kolkata Knight Riders,Kolkata Knight Riders,normal,0,Kolkata Knight Riders,0,9,G Gambhir
492,2014,Bangalore,11-05-2014,Royal Challengers Bangalore,Rajasthan Royals,Royal Challengers Bangalore,normal,0,Rajasthan Royals,0,5,JP Faulkner
493,2014,Hyderabad,12-05-2014,Sunrisers Hyderabad,Mumbai Indians,Sunrisers Hyderabad,normal,0,Mumbai Indians,0,7,AT Rayudu
494,2014,Ranchi,13-05-2014,Rajasthan Royals,Chennai Super Kings,Rajasthan Royals,normal,0,Chennai Super Kings,0,5,RA Jadeja
495,2014,Bangalore,13-05-2014,Royal Challengers Bangalore,Delhi Daredevils,Delhi Daredevils,normal,0,Royal Challengers Bangalore,16,0,Yuvraj Singh
496,2014,Hyderabad,14-05-2014,Sunrisers Hyderabad,Kings XI Punjab,Kings XI Punjab,normal,0,Kings XI Punjab,0,6,WP Saha
497,2014,Cuttack,14-05-2014,Mumbai Indians,Kolkata Knight Riders,Kolkata Knight Riders,normal,0,Kolkata Knight Riders,0,6,RV Uthappa
498,2014,Ahmedabad,15-05-2014,Rajasthan Royals,Delhi Daredevils,Delhi Daredevils,normal,0,Rajasthan Royals,62,0,AM Rahane
499,2014,Ranchi,18-05-2014,Chennai Super Kings,Royal Challengers Bangalore,Chennai Super Kings,normal,0,Royal Challengers Bangalore,0,5,AB de Villiers
500,2014,Hyderabad,18-05-2014,Sunrisers Hyderabad,Kolkata Knight Riders,Sunrisers Hyderabad,normal,0,Kolkata Knight Riders,0,7,UT Yadav
501,2014,Ahmedabad,19-05-2014,Mumbai Indians,Rajasthan Royals,Mumbai Indians,normal,0,Mumbai Indians,25,0,MEK Hussey
502,2014,Delhi,19-05-2014,Delhi Daredevils,Kings XI Punjab,Kings XI Punjab,normal,0,Kings XI Punjab,0,4,AR Patel
503,2014,Hyderabad,20-05-2014,Royal Challengers Bangalore,Sunrisers Hyderabad,Royal Challengers Bangalore,normal,0,Sunrisers Hyderabad,0,7,DA Warner
504,2014,Kolkata,20-05-2014,Chennai Super Kings,Kolkata Knight Riders,Kolkata Knight Riders,normal,0,Kolkata Knight Riders,0,8,RV Uthappa
505,2014,Chandigarh,21-05-2014,Kings XI Punjab,Mumbai Indians,Mumbai Indians,normal,0,Mumbai Indians,0,7,LMP Simmons
506,2014,Kolkata,22-05-2014,Kolkata Knight Riders,Royal Challengers Bangalore,Royal Challengers Bangalore,normal,0,Kolkata Knight Riders,30,0,RV Uthappa
507,2014,Ranchi,22-05-2014,Chennai Super Kings,Sunrisers Hyderabad,Sunrisers Hyderabad,normal,0,Sunrisers Hyderabad,0,6,DA Warner
508,2014,Mumbai,23-05-2014,Mumbai Indians,Delhi Daredevils,Delhi Daredevils,normal,0,Mumbai Indians,15,0,MEK Hussey
509,2014,Chandigarh,23-05-2014,Kings XI Punjab,Rajasthan Royals,Rajasthan Royals,normal,0,Kings XI Punjab,16,0,SE Marsh
510,2014,Bangalore,24-05-2014,Royal Challengers Bangalore,Chennai Super Kings,Chennai Super Kings,normal,0,Chennai Super Kings,0,8,MS Dhoni
511,2014,Kolkata,24-05-2014,Sunrisers Hyderabad,Kolkata Knight Riders,Kolkata Knight Riders,normal,0,Kolkata Knight Riders,0,4,YK Pathan
512,2014,Chandigarh,25-05-2014,Delhi Daredevils,Kings XI Punjab,Kings XI Punjab,normal,0,Kings XI Punjab,0,7,M Vohra
513,2014,Mumbai,25-05-2014,Rajasthan Royals,Mumbai Indians,Mumbai Indians,normal,0,Mumbai Indians,0,5,CJ Anderson
514,2014,Kolkata,27-05-2014,Kolkata Knight Riders,Kings XI Punjab,Kings XI Punjab,normal,0,Kolkata Knight Riders,28,0,UT Yadav
515,2014,Mumbai,28-05-2014,Mumbai Indians,Chennai Super Kings,Chennai Super Kings,normal,0,Chennai Super Kings,0,7,SK Raina
516,2014,Mumbai,30-05-2014,Kings XI Punjab,Chennai Super Kings,Chennai Super Kings,normal,0,Kings XI Punjab,24,0,V Sehwag
517,2014,Bangalore,01-06-2014,Kings XI Punjab,Kolkata Knight Riders,Kolkata Knight Riders,normal,0,Kolkata Knight Riders,0,3,MK Pandey
518,2015,Kolkata,08-04-2015,Mumbai Indians,Kolkata Knight Riders,Kolkata Knight Riders,normal,0,Kolkata Knight Riders,0,7,M Morkel
519,2015,Chennai,09-04-2015,Chennai Super Kings,Delhi Daredevils,Delhi Daredevils,normal,0,Chennai Super Kings,1,0,A Nehra
520,2015,Pune,10-04-2015,Rajasthan Royals,Kings XI Punjab,Kings XI Punjab,normal,0,Rajasthan Royals,26,0,JP Faulkner
521,2015,Chennai,11-04-2015,Chennai Super Kings,Sunrisers Hyderabad,Chennai Super Kings,normal,0,Chennai Super Kings,45,0,BB McCullum
522,2015,Kolkata,11-04-2015,Kolkata Knight Riders,Royal Challengers Bangalore,Royal Challengers Bangalore,normal,0,Royal Challengers Bangalore,0,3,CH Gayle
523,2015,Delhi,12-04-2015,Delhi Daredevils,Rajasthan Royals,Rajasthan Royals,normal,0,Rajasthan Royals,0,3,DJ Hooda
524,2015,Mumbai,12-04-2015,Kings XI Punjab,Mumbai Indians,Mumbai Indians,normal,0,Kings XI Punjab,18,0,GJ Bailey
525,2015,Bangalore,13-04-2015,Royal Challengers Bangalore,Sunrisers Hyderabad,Sunrisers Hyderabad,normal,0,Sunrisers Hyderabad,0,8,DA Warner
526,2015,Ahmedabad,14-04-2015,Mumbai Indians,Rajasthan Royals,Mumbai Indians,normal,0,Rajasthan Royals,0,7,SPD Smith
527,2015,Kolkata,30-04-2015,Chennai Super Kings,Kolkata Knight Riders,Kolkata Knight Riders,normal,0,Kolkata Knight Riders,0,7,AD Russell
528,2015,Pune,15-04-2015,Kings XI Punjab,Delhi Daredevils,Kings XI Punjab,normal,0,Delhi Daredevils,0,5,MA Agarwal
529,2015,Visakhapatnam,16-04-2015,Sunrisers Hyderabad,Rajasthan Royals,Rajasthan Royals,normal,0,Rajasthan Royals,0,6,AM Rahane
530,2015,Mumbai,17-04-2015,Mumbai Indians,Chennai Super Kings,Mumbai Indians,normal,0,Chennai Super Kings,0,6,A Nehra
531,2015,Visakhapatnam,18-04-2015,Delhi Daredevils,Sunrisers Hyderabad,Delhi Daredevils,normal,0,Delhi Daredevils,4,0,JP Duminy
532,2015,Pune,18-04-2015,Kings XI Punjab,Kolkata Knight Riders,Kolkata Knight Riders,normal,0,Kolkata Knight Riders,0,4,AD Russell
533,2015,Ahmedabad,19-04-2015,Chennai Super Kings,Rajasthan Royals,Chennai Super Kings,normal,0,Rajasthan Royals,0,8,AM Rahane
534,2015,Bangalore,19-04-2015,Mumbai Indians,Royal Challengers Bangalore,Royal Challengers Bangalore,normal,0,Mumbai Indians,18,0,Harbhajan Singh
535,2015,Delhi,20-04-2015,Delhi Daredevils,Kolkata Knight Riders,Kolkata Knight Riders,normal,0,Kolkata Knight Riders,0,6,UT Yadav
536,2015,Ahmedabad,21-04-2015,Rajasthan Royals,Kings XI Punjab,Kings XI Punjab,tie,0,Kings XI Punjab,0,0,SE Marsh
537,2015,Visakhapatnam,22-04-2015,Sunrisers Hyderabad,Kolkata Knight Riders,Kolkata Knight Riders,normal,1,Sunrisers Hyderabad,16,0,DA Warner
538,2015,Bangalore,22-04-2015,Chennai Super Kings,Royal Challengers Bangalore,Royal Challengers Bangalore,normal,0,Chennai Super Kings,27,0,SK Raina
539,2015,Delhi,23-04-2015,Delhi Daredevils,Mumbai Indians,Mumbai Indians,normal,0,Delhi Daredevils,37,0,SS Iyer
540,2015,Ahmedabad,24-04-2015,Rajasthan Royals,Royal Challengers Bangalore,Royal Challengers Bangalore,normal,0,Royal Challengers Bangalore,0,9,MA Starc
541,2015,Mumbai,25-04-2015,Mumbai Indians,Sunrisers Hyderabad,Mumbai Indians,normal,0,Mumbai Indians,20,0,SL Malinga
542,2015,Chennai,25-04-2015,Chennai Super Kings,Kings XI Punjab,Chennai Super Kings,normal,0,Chennai Super Kings,97,0,BB McCullum
543,2015,Delhi,26-04-2015,Delhi Daredevils,Royal Challengers Bangalore,Royal Challengers Bangalore,normal,0,Royal Challengers Bangalore,0,10,VR Aaron
544,2015,Chandigarh,27-04-2015,Sunrisers Hyderabad,Kings XI Punjab,Kings XI Punjab,normal,0,Sunrisers Hyderabad,20,0,TA Boult
545,2015,Kolkata,07-05-2015,Kolkata Knight Riders,Delhi Daredevils,Kolkata Knight Riders,normal,0,Kolkata Knight Riders,13,0,PP Chawla
546,2015,Bangalore,29-04-2015,Royal Challengers Bangalore,Rajasthan Royals,Rajasthan Royals,no result,0,,0,0,
547,2015,Chennai,28-04-2015,Chennai Super Kings,Kolkata Knight Riders,Kolkata Knight Riders,normal,0,Chennai Super Kings,2,0,DJ Bravo
548,2015,Delhi,01-05-2015,Kings XI Punjab,Delhi Daredevils,Delhi Daredevils,normal,0,Delhi Daredevils,0,9,NM Coulter-Nile
549,2015,Mumbai,01-05-2015,Mumbai Indians,Rajasthan Royals,Rajasthan Royals,normal,0,Mumbai Indians,8,0,AT Rayudu
550,2015,Bangalore,02-05-2015,Kolkata Knight Riders,Royal Challengers Bangalore,Royal Challengers Bangalore,normal,0,Royal Challengers Bangalore,0,7,Mandeep Singh
551,2015,Hyderabad,02-05-2015,Sunrisers Hyderabad,Chennai Super Kings,Chennai Super Kings,normal,0,Sunrisers Hyderabad,22,0,DA Warner
552,2015,Chandigarh,03-05-2015,Mumbai Indians,Kings XI Punjab,Mumbai Indians,normal,0,Mumbai Indians,23,0,LMP Simmons
553,2015,Mumbai,03-05-2015,Rajasthan Royals,Delhi Daredevils,Delhi Daredevils,normal,0,Rajasthan Royals,14,0,AM Rahane
554,2015,Chennai,04-05-2015,Chennai Super Kings,Royal Challengers Bangalore,Chennai Super Kings,normal,0,Chennai Super Kings,24,0,SK Raina
555,2015,Kolkata,04-05-2015,Kolkata Knight Riders,Sunrisers Hyderabad,Sunrisers Hyderabad,normal,0,Kolkata Knight Riders,35,0,UT Yadav
556,2015,Mumbai,05-05-2015,Delhi Daredevils,Mumbai Indians,Delhi Daredevils,normal,0,Mumbai Indians,0,5,Harbhajan Singh
557,2015,Bangalore,06-05-2015,Royal Challengers Bangalore,Kings XI Punjab,Kings XI Punjab,normal,0,Royal Challengers Bangalore,138,0,CH Gayle
558,2015,Mumbai,07-05-2015,Sunrisers Hyderabad,Rajasthan Royals,Rajasthan Royals,normal,0,Sunrisers Hyderabad,7,0,EJG Morgan
559,2015,Chennai,08-05-2015,Chennai Super Kings,Mumbai Indians,Chennai Super Kings,normal,0,Mumbai Indians,0,6,HH Pandya
560,2015,Kolkata,09-05-2015,Kings XI Punjab,Kolkata Knight Riders,Kings XI Punjab,normal,0,Kolkata Knight Riders,0,1,AD Russell
561,2015,Raipur,09-05-2015,Sunrisers Hyderabad,Delhi Daredevils,Sunrisers Hyderabad,normal,0,Sunrisers Hyderabad,6,0,MC Henriques
562,2015,Mumbai,10-05-2015,Royal Challengers Bangalore,Mumbai Indians,Royal Challengers Bangalore,normal,0,Royal Challengers Bangalore,39,0,AB de Villiers
563,2015,Chennai,10-05-2015,Chennai Super Kings,Rajasthan Royals,Chennai Super Kings,normal,0,Chennai Super Kings,12,0,RA Jadeja
564,2015,Hyderabad,11-05-2015,Sunrisers Hyderabad,Kings XI Punjab,Sunrisers Hyderabad,normal,0,Sunrisers Hyderabad,5,0,DA Warner
565,2015,Raipur,12-05-2015,Chennai Super Kings,Delhi Daredevils,Chennai Super Kings,normal,0,Delhi Daredevils,0,6,Z Khan
566,2015,Chandigarh,13-05-2015,Kings XI Punjab,Royal Challengers Bangalore,Royal Challengers Bangalore,normal,0,Kings XI Punjab,22,0,AR Patel
567,2015,Mumbai,14-05-2015,Mumbai Indians,Kolkata Knight Riders,Kolkata Knight Riders,normal,0,Mumbai Indians,5,0,HH Pandya
568,2015,Hyderabad,15-05-2015,Sunrisers Hyderabad,Royal Challengers Bangalore,Sunrisers Hyderabad,normal,1,Royal Challengers Bangalore,0,6,V Kohli
569,2015,Chandigarh,16-05-2015,Kings XI Punjab,Chennai Super Kings,Kings XI Punjab,normal,0,Chennai Super Kings,0,7,P Negi
570,2015,Mumbai,16-05-2015,Rajasthan Royals,Kolkata Knight Riders,Rajasthan Royals,normal,0,Rajasthan Royals,9,0,SR Watson
571,2015,Bangalore,17-05-2015,Delhi Daredevils,Royal Challengers Bangalore,Royal Challengers Bangalore,no result,0,,0,0,
572,2015,Hyderabad,17-05-2015,Sunrisers Hyderabad,Mumbai Indians,Sunrisers Hyderabad,normal,0,Mumbai Indians,0,9,MJ McClenaghan
573,2015,Mumbai,19-05-2015,Mumbai Indians,Chennai Super Kings,Mumbai Indians,normal,0,Mumbai Indians,25,0,KA Pollard
574,2015,Pune,20-05-2015,Royal Challengers Bangalore,Rajasthan Royals,Royal Challengers Bangalore,normal,0,Royal Challengers Bangalore,71,0,AB de Villiers
575,2015,Ranchi,22-05-2015,Royal Challengers Bangalore,Chennai Super Kings,Chennai Super Kings,normal,0,Chennai Super Kings,0,3,A Nehra
576,2015,Kolkata,24-05-2015,Mumbai Indians,Chennai Super Kings,Chennai Super Kings,normal,0,Mumbai Indians,41,0,RG Sharma
577,2016,Mumbai,09-04-2016,Mumbai Indians,Rising Pune Supergiants,Mumbai Indians,normal,0,Rising Pune Supergiants,0,9,AM Rahane
578,2016,Kolkata,10-04-2016,Delhi Daredevils,Kolkata Knight Riders,Kolkata Knight Riders,normal,0,Kolkata Knight Riders,0,9,AD Russell
579,2016,Chandigarh,11-04-2016,Kings XI Punjab,Gujarat Lions,Gujarat Lions,normal,0,Gujarat Lions,0,5,AJ Finch
580,2016,Bangalore,12-04-2016,Royal Challengers Bangalore,Sunrisers Hyderabad,Sunrisers Hyderabad,normal,0,Royal Challengers Bangalore,45,0,AB de Villiers
581,2016,Kolkata,13-04-2016,Kolkata Knight Riders,Mumbai Indians,Mumbai Indians,normal,0,Mumbai Indians,0,6,RG Sharma
582,2016,Rajkot,14-04-2016,Rising Pune Supergiants,Gujarat Lions,Rising Pune Supergiants,normal,0,Gujarat Lions,0,7,AJ Finch
583,2016,Delhi,15-04-2016,Kings XI Punjab,Delhi Daredevils,Delhi Daredevils,normal,0,Delhi Daredevils,0,8,A Mishra
584,2016,Hyderabad,16-04-2016,Sunrisers Hyderabad,Kolkata Knight Riders,Sunrisers Hyderabad,normal,0,Kolkata Knight Riders,0,8,G Gambhir
585,2016,Mumbai,16-04-2016,Mumbai Indians,Gujarat Lions,Gujarat Lions,normal,0,Gujarat Lions,0,3,AJ Finch
586,2016,Chandigarh,17-04-2016,Rising Pune Supergiants,Kings XI Punjab,Rising Pune Supergiants,normal,0,Kings XI Punjab,0,6,M Vohra
587,2016,Bangalore,17-04-2016,Royal Challengers Bangalore,Delhi Daredevils,Delhi Daredevils,normal,0,Delhi Daredevils,0,7,Q de Kock
588,2016,Hyderabad,18-04-2016,Mumbai Indians,Sunrisers Hyderabad,Sunrisers Hyderabad,normal,0,Sunrisers Hyderabad,0,7,DA Warner
589,2016,Chandigarh,19-04-2016,Kings XI Punjab,Kolkata Knight Riders,Kolkata Knight Riders,normal,0,Kolkata Knight Riders,0,6,RV Uthappa
590,2016,Mumbai,20-04-2016,Royal Challengers Bangalore,Mumbai Indians,Mumbai Indians,normal,0,Mumbai Indians,0,6,RG Sharma
591,2016,Rajkot,21-04-2016,Gujarat Lions,Sunrisers Hyderabad,Sunrisers Hyderabad,normal,0,Sunrisers Hyderabad,0,10,B Kumar
592,2016,Pune,22-04-2016,Royal Challengers Bangalore,Rising Pune Supergiants,Rising Pune Supergiants,normal,0,Royal Challengers Bangalore,13,0,AB de Villiers
593,2016,Delhi,23-04-2016,Delhi Daredevils,Mumbai Indians,Mumbai Indians,normal,0,Delhi Daredevils,10,0,SV Samson
594,2016,Hyderabad,23-04-2016,Kings XI Punjab,Sunrisers Hyderabad,Sunrisers Hyderabad,normal,0,Sunrisers Hyderabad,0,5,Mustafizur Rahman
595,2016,Rajkot,24-04-2016,Royal Challengers Bangalore,Gujarat Lions,Royal Challengers Bangalore,normal,0,Gujarat Lions,0,6,V Kohli
596,2016,Pune,24-04-2016,Rising Pune Supergiants,Kolkata Knight Riders,Kolkata Knight Riders,normal,0,Kolkata Knight Riders,0,2,SA Yadav
597,2016,Chandigarh,25-04-2016,Mumbai Indians,Kings XI Punjab,Kings XI Punjab,normal,0,Mumbai Indians,25,0,PA Patel
598,2016,Hyderabad,26-04-2016,Sunrisers Hyderabad,Rising Pune Supergiants,Rising Pune Supergiants,normal,1,Rising Pune Supergiants,34,0,AB Dinda
599,2016,Delhi,27-04-2016,Gujarat Lions,Delhi Daredevils,Delhi Daredevils,normal,0,Gujarat Lions,1,0,CH Morris
600,2016,Mumbai,28-04-2016,Kolkata Knight Riders,Mumbai Indians,Mumbai Indians,normal,0,Mumbai Indians,0,6,RG Sharma
601,2016,Pune,29-04-2016,Rising Pune Supergiants,Gujarat Lions,Gujarat Lions,normal,0,Gujarat Lions,0,3,DR Smith
602,2016,Delhi,30-04-2016,Delhi Daredevils,Kolkata Knight Riders,Kolkata Knight Riders,normal,0,Delhi Daredevils,27,0,CR Brathwaite
603,2016,Hyderabad,30-04-2016,Sunrisers Hyderabad,Royal Challengers Bangalore,Royal Challengers Bangalore,normal,0,Sunrisers Hyderabad,15,0,DA Warner
604,2016,Rajkot,01-05-2016,Kings XI Punjab,Gujarat Lions,Gujarat Lions,normal,0,Kings XI Punjab,23,0,AR Patel
605,2016,Pune,01-05-2016,Rising Pune Supergiants,Mumbai Indians,Mumbai Indians,normal,0,Mumbai Indians,0,8,RG Sharma
606,2016,Bangalore,02-05-2016,Royal Challengers Bangalore,Kolkata Knight Riders,Kolkata Knight Riders,normal,0,Kolkata Knight Riders,0,5,AD Russell
607,2016,Rajkot,03-05-2016,Gujarat Lions,Delhi Daredevils,Delhi Daredevils,normal,0,Delhi Daredevils,0,8,RR Pant
608,2016,Kolkata,04-05-2016,Kolkata Knight Riders,Kings XI Punjab,Kings XI Punjab,normal,0,Kolkata Knight Riders,7,0,AD Russell
609,2016,Delhi,05-05-2016,Delhi Daredevils,Rising Pune Supergiants,Rising Pune Supergiants,normal,0,Rising Pune Supergiants,0,7,AM Rahane
610,2016,Hyderabad,06-05-2016,Gujarat Lions,Sunrisers Hyderabad,Sunrisers Hyderabad,normal,0,Sunrisers Hyderabad,0,5,B Kumar
611,2016,Bangalore,07-05-2016,Rising Pune Supergiants,Royal Challengers Bangalore,Royal Challengers Bangalore,normal,0,Royal Challengers Bangalore,0,7,V Kohli
612,2016,Chandigarh,07-05-2016,Kings XI Punjab,Delhi Daredevils,Delhi Daredevils,normal,0,Kings XI Punjab,9,0,MP Stoinis
613,2016,Visakhapatnam,08-05-2016,Sunrisers Hyderabad,Mumbai Indians,Mumbai Indians,normal,0,Sunrisers Hyderabad,85,0,A Nehra
614,2016,Kolkata,08-05-2016,Kolkata Knight Riders,Gujarat Lions,Gujarat Lions,normal,0,Gujarat Lions,0,5,P Kumar
615,2016,Chandigarh,09-05-2016,Royal Challengers Bangalore,Kings XI Punjab,Kings XI Punjab,normal,0,Royal Challengers Bangalore,1,0,SR Watson
616,2016,Visakhapatnam,10-05-2016,Sunrisers Hyderabad,Rising Pune Supergiants,Sunrisers Hyderabad,normal,0,Sunrisers Hyderabad,4,0,A Zampa
617,2016,Bangalore,11-05-2016,Royal Challengers Bangalore,Mumbai Indians,Mumbai Indians,normal,0,Mumbai Indians,0,6,KH Pandya
618,2016,Hyderabad,12-05-2016,Sunrisers Hyderabad,Delhi Daredevils,Delhi Daredevils,normal,0,Delhi Daredevils,0,7,CH Morris
619,2016,Visakhapatnam,13-05-2016,Mumbai Indians,Kings XI Punjab,Mumbai Indians,normal,0,Kings XI Punjab,0,7,MP Stoinis
620,2016,Bangalore,14-05-2016,Royal Challengers Bangalore,Gujarat Lions,Gujarat Lions,normal,0,Royal Challengers Bangalore,144,0,AB de Villiers
621,2016,Kolkata,14-05-2016,Rising Pune Supergiants,Kolkata Knight Riders,Rising Pune Supergiants,normal,1,Kolkata Knight Riders,0,8,YK Pathan
622,2016,Chandigarh,15-05-2016,Kings XI Punjab,Sunrisers Hyderabad,Kings XI Punjab,normal,0,Sunrisers Hyderabad,0,7,HM Amla
623,2016,Visakhapatnam,15-05-2016,Mumbai Indians,Delhi Daredevils,Delhi Daredevils,normal,0,Mumbai Indians,80,0,KH Pandya
624,2016,Kolkata,16-05-2016,Kolkata Knight Riders,Royal Challengers Bangalore,Royal Challengers Bangalore,normal,0,Royal Challengers Bangalore,0,9,V Kohli
625,2016,Visakhapatnam,17-05-2016,Delhi Daredevils,Rising Pune Supergiants,Rising Pune Supergiants,normal,1,Rising Pune Supergiants,19,0,AB Dinda
626,2016,Bangalore,18-05-2016,Royal Challengers Bangalore,Kings XI Punjab,Kings XI Punjab,normal,1,Royal Challengers Bangalore,82,0,V Kohli
627,2016,Kanpur,19-05-2016,Kolkata Knight Riders,Gujarat Lions,Gujarat Lions,normal,0,Gujarat Lions,0,6,DR Smith
628,2016,Raipur,20-05-2016,Sunrisers Hyderabad,Delhi Daredevils,Delhi Daredevils,normal,0,Delhi Daredevils,0,6,KK Nair
629,2016,Visakhapatnam,21-05-2016,Kings XI Punjab,Rising Pune Supergiants,Kings XI Punjab,normal,0,Rising Pune Supergiants,0,4,MS Dhoni
630,2016,Kanpur,21-05-2016,Mumbai Indians,Gujarat Lions,Gujarat Lions,normal,0,Gujarat Lions,0,6,SK Raina
631,2016,Kolkata,22-05-2016,Kolkata Knight Riders,Sunrisers Hyderabad,Sunrisers Hyderabad,normal,0,Kolkata Knight Riders,22,0,YK Pathan
632,2016,Raipur,22-05-2016,Delhi Daredevils,Royal Challengers Bangalore,Royal Challengers Bangalore,normal,0,Royal Challengers Bangalore,0,6,V Kohli
633,2016,Bangalore,24-05-2016,Gujarat Lions,Royal Challengers Bangalore,Royal Challengers Bangalore,normal,0,Royal Challengers Bangalore,0,4,AB de Villiers
634,2016,Delhi,25-05-2016,Sunrisers Hyderabad,Kolkata Knight Riders,Kolkata Knight Riders,normal,0,Sunrisers Hyderabad,22,0,MC Henriques
635,2016,Delhi,27-05-2016,Gujarat Lions,Sunrisers Hyderabad,Sunrisers Hyderabad,normal,0,Sunrisers Hyderabad,0,4,DA Warner
636,2016,Bangalore,29-05-2016,Sunrisers Hyderabad,Royal Challengers Bangalore,Sunrisers Hyderabad,normal,0,Sunrisers Hyderabad,8,0,BCJ Cutting
7894,2018,Mumbai,07-04-2018,Mumbai Indians,Chennai Super Kings,Chennai Super Kings,normal,0,Chennai Super Kings,0,1,DJ Bravo
7895,2018,Mohali,08-04-2018,Delhi Daredevils,Kings XI Punjab,Kings XI Punjab,normal,0,Kings XI Punjab,0,6,KL Rahul
7896,2018,Kolkata,08-04-2018,Royal Challengers Bangalore,Kolkata Knight Riders,Kolkata Knight Riders,normal,0,Kolkata Knight Riders,0,4,SP Narine
7897,2018,Hyderabad,09-04-2018,Rajasthan Royals,Sunrisers Hyderabad,Sunrisers Hyderabad,normal,0,Sunrisers Hyderabad,0,9,S Dhawan
7898,2018,Chennai,10-04-2018,Kolkata Knight Riders,Chennai Super Kings,Chennai Super Kings,normal,0,Chennai Super Kings,0,5,SW Billings
7899,2018,Jaipur,11-04-2018,Rajasthan Royals,Delhi Daredevils,Delhi Daredevils,normal,1,Rajasthan Royals,10,0,SV Samson
7900,2018,Hyderabad,12-04-2018,Mumbai Indians,Sunrisers Hyderabad,Sunrisers Hyderabad,normal,0,Sunrisers Hyderabad,0,1,Rashid Khan
7901,2018,Bengaluru,13-04-2018,Kings XI Punjab,Royal Challengers Bangalore,Royal Challengers Bangalore,normal,0,Royal Challengers Bangalore,0,4,UT Yadav
7902,2018,Mumbai,14-04-2018,Mumbai Indians,Delhi Daredevils,Delhi Daredevils,normal,0,Delhi Daredevils,0,7,JJ Roy
7903,2018,Kolkata,14-04-2018,Kolkata Knight Riders,Sunrisers Hyderabad,Sunrisers Hyderabad,normal,0,Sunrisers Hyderabad,0,5,B Stanlake
7904,2018,Bengaluru,15-04-2018,Rajasthan Royals,Royal Challengers Bangalore,Royal Challengers Bangalore,normal,0,Rajasthan Royals,19,0,SV Samson
7905,2018,Mohali,15-04-2018,Kings XI Punjab,Chennai Super Kings,Chennai Super Kings,normal,0,Kings XI Punjab,4,0,CH Gayle
7906,2018,Kolkata,16-04-2018,Kolkata Knight Riders,Delhi Daredevils,Delhi Daredevils,normal,0,Kolkata Knight Riders,71,0,N Rana
7907,2018,Mumbai,17-04-2018,Mumbai Indians,Royal Challengers Bangalore,Royal Challengers Bangalore,normal,0,Mumbai Indians,46,0,RG Sharma
7908,2018,Jaipur,18-04-2018,Rajasthan Royals,Kolkata Knight Riders,Kolkata Knight Riders,normal,0,Kolkata Knight Riders,0,7,N Rana
7909,2018,Mohali,19-04-2018,Kings XI Punjab,Sunrisers Hyderabad,Kings XI Punjab,normal,0,Kings XI Punjab,15,0,CH Gayle
7910,2018,Pune,20-04-2018,Chennai Super Kings,Rajasthan Royals,Rajasthan Royals,normal,0,Chennai Super Kings,64,0,SR Watson
7911,2018,Kolkata,21-04-2018,Kolkata Knight Riders,Kings XI Punjab,Kings XI Punjab,normal,1,Kings XI Punjab,0,9,KL Rahul
7912,2018,Bengaluru,21-04-2018,Delhi Daredevils,Royal Challengers Bangalore,Royal Challengers Bangalore,normal,0,Royal Challengers Bangalore,0,6,AB de Villiers
7913,2018,Hyderabad,22-04-2018,Chennai Super Kings,Sunrisers Hyderabad,Sunrisers Hyderabad,normal,0,Chennai Super Kings,4,0,AT Rayudu
7914,2018,Jaipur,22-04-2018,Mumbai Indians,Rajasthan Royals,Mumbai Indians,normal,0,Rajasthan Royals,0,3,J Archer
7915,2018,Delhi,23-04-2018,Kings XI Punjab,Delhi Daredevils,Delhi Daredevils,normal,0,Kings XI Punjab,4,0,AS Rajpoot
7916,2018,Mumbai,24-04-2018,Sunrisers Hyderabad,Mumbai Indians,Mumbai Indians,normal,0,Sunrisers Hyderabad,31,0,Rashid Khan
7917,2018,Bengaluru,25-04-2018,Royal Challengers Bangalore,Chennai Super Kings,Chennai Super Kings,normal,0,Chennai Super Kings,0,5,MS Dhoni
7918,2018,Hyderabad,26-04-2018,Sunrisers Hyderabad,Kings XI Punjab,Kings XI Punjab,normal,0,Sunrisers Hyderabad,13,0,AS Rajpoot
7919,2018,Delhi,27-04-2018,Delhi Daredevils,Kolkata Knight Riders,Kolkata Knight Riders,normal,0,Delhi Daredevils,55,0,SS Iyer
7920,2018,Pune,28-04-2018,Chennai Super Kings,Mumbai Indians,Mumbai Indians,normal,0,Mumbai Indians,0,8,RG Sharma
7921,2018,Jaipur,29-04-2018,Sunrisers Hyderabad,Rajasthan Royals,Sunrisers Hyderabad,normal,0,Sunrisers Hyderabad,11,0,KS Williamson
7922,2018,Bengaluru,29-04-2018,Royal Challengers Bangalore,Kolkata Knight Riders,Kolkata Knight Riders,normal,0,Kolkata Knight Riders,0,6,CA Lynn
7923,2018,Pune,30-04-2018,Chennai Super Kings,Delhi Daredevils,Delhi Daredevils,normal,0,Chennai Super Kings,13,0,SR Watson
7924,2018,Bengaluru,01-05-2018,Royal Challengers Bangalore,Mumbai Indians,Mumbai Indians,normal,0,Royal Challengers Bangalore,14,0,TG Southee
7925,2018,Delhi,02-05-2018,Delhi Daredevils,Rajasthan Royals,Rajasthan Royals,normal,1,Delhi Daredevils,4,0,RR Pant
7926,2018,Kolkata,03-05-2018,Chennai Super Kings,Kolkata Knight Riders,Kolkata Knight Riders,normal,0,Kolkata Knight Riders,0,6,SP Narine
7927,2018,Indore,04-05-2018,Kings XI Punjab,Mumbai Indians,Mumbai Indians,normal,0,Mumbai Indians,0,6,AS Yadav
7928,2018,Pune,05-05-2018,Royal Challengers Bangalore,Chennai Super Kings,Chennai Super Kings,normal,0,Chennai Super Kings,0,6,RA Jadeja
7929,2018,Hyderabad,05-05-2018,Delhi Daredevils,Sunrisers Hyderabad,Delhi Daredevils,normal,0,Sunrisers Hyderabad,0,7,Rashid Khan
7930,2018,Mumbai,06-05-2018,Mumbai Indians,Kolkata Knight Riders,Kolkata Knight Riders,normal,0,Mumbai Indians,13,0,HH Pandya
7931,2018,Indore,06-05-2018,Rajasthan Royals,Kings XI Punjab,Kings XI Punjab,normal,0,Kings XI Punjab,0,6,M Ur Rahman
7932,2018,Hyderabad,07-05-2018,Sunrisers Hyderabad,Royal Challengers Bangalore,Royal Challengers Bangalore,normal,0,Sunrisers Hyderabad,5,0,KS Williamson
7933,2018,Jaipur,08-05-2018,Rajasthan Royals,Kings XI Punjab,Rajasthan Royals,normal,0,Rajasthan Royals,15,0,JC Buttler
7934,2018,Kolkata,09-05-2018,Mumbai Indians,Kolkata Knight Riders,Kolkata Knight Riders,normal,0,Mumbai Indians,102,0,Ishan Kishan
7935,2018,Delhi,10-05-2018,Delhi Daredevils,Sunrisers Hyderabad,Delhi Daredevils,normal,0,Sunrisers Hyderabad,0,9,S Dhawan
7936,2018,Jaipur,11-05-2018,Chennai Super Kings,Rajasthan Royals,Chennai Super Kings,normal,0,Rajasthan Royals,0,4,JC Buttler
7937,2018,Indore,12-05-2018,Kolkata Knight Riders,Kings XI Punjab,Kings XI Punjab,normal,0,Kolkata Knight Riders,31,0,SP Narine
7938,2018,Delhi,12-05-2018,Delhi Daredevils,Royal Challengers Bangalore,Royal Challengers Bangalore,normal,0,Royal Challengers Bangalore,0,5,AB de Villiers
7939,2018,Pune,13-05-2018,Sunrisers Hyderabad,Chennai Super Kings,Chennai Super Kings,normal,0,Chennai Super Kings,0,8,AT Rayudu
7940,2018,Mumbai,13-05-2018,Mumbai Indians,Rajasthan Royals,Rajasthan Royals,normal,0,Rajasthan Royals,0,7,JC Buttler
7941,2018,Indore,14-05-2018,Kings XI Punjab,Royal Challengers Bangalore,Royal Challengers Bangalore,normal,0,Royal Challengers Bangalore,0,10,UT Yadav
7942,2018,Kolkata,15-05-2018,Rajasthan Royals,Kolkata Knight Riders,Kolkata Knight Riders,normal,0,Kolkata Knight Riders,0,6,Kuldeep Yadav
7943,2018,Mumbai,16-05-2018,Mumbai Indians,Kings XI Punjab,Kings XI Punjab,normal,0,Mumbai Indians,3,0,JJ Bumrah
7944,2018,Bengaluru,17-05-2018,Royal Challengers Bangalore,Sunrisers Hyderabad,Sunrisers Hyderabad,normal,0,Royal Challengers Bangalore,14,0,AB de Villiers
7945,2018,Delhi,18-05-2018,Delhi Daredevils,Chennai Super Kings,Chennai Super Kings,normal,0,Delhi Daredevils,34,0,HV Patel
7946,2018,Jaipur,19-05-2018,Rajasthan Royals,Royal Challengers Bangalore,Rajasthan Royals,normal,0,Rajasthan Royals,30,0,S Gopal
7947,2018,Hyderabad,19-05-2018,Sunrisers Hyderabad,Kolkata Knight Riders,Sunrisers Hyderabad,normal,0,Kolkata Knight Riders,0,5,CA Lynn
7948,2018,Delhi,20-05-2018,Delhi Daredevils,Mumbai Indians,Delhi Daredevils,normal,0,Delhi Daredevils,11,0,A Mishra
7949,2018,Pune,20-05-2018,Kings XI Punjab,Chennai Super Kings,Chennai Super Kings,normal,0,Chennai Super Kings,0,5,L Ngidi
7950,2018,Mumbai,22-05-2018,Sunrisers Hyderabad,Chennai Super Kings,Chennai Super Kings,normal,0,Chennai Super Kings,0,2,F du Plessis
7951,2018,Kolkata,23-05-2018,Kolkata Knight Riders,Rajasthan Royals,Rajasthan Royals,normal,0,Kolkata Knight Riders,25,0,AD Russell
7952,2018,Kolkata,25-05-2018,Sunrisers Hyderabad,Kolkata Knight Riders,Kolkata Knight Riders,normal,0,Sunrisers Hyderabad,14,0,Rashid Khan
7953,2018,Mumbai,27-05-2018,Sunrisers Hyderabad,Chennai Super Kings,Chennai Super Kings,normal,0,Chennai Super Kings,0,8,SR Watson
11137,2019,Chennai,23-03-2019,Royal Challengers Bangalore,Chennai Super Kings,Chennai Super Kings,normal,0,Chennai Super Kings,0,7,Harbhajan Singh
11138,2019,Kolkata,24-03-2019,Sunrisers Hyderabad,Kolkata Knight Riders,Kolkata Knight Riders,normal,0,Kolkata Knight Riders,0,6,AD Russell
11139,2019,Mumbai,24-03-2019,Delhi Capitals,Mumbai Indians,Mumbai Indians,normal,0,Delhi Capitals,37,0,RR Pant
11140,2019,Jaipur,25-03-2019,Kings XI Punjab,Rajasthan Royals,Rajasthan Royals,normal,0,Kings XI Punjab,14,0,CH Gayle
11141,2019,Delhi,26-03-2019,Delhi Capitals,Chennai Super Kings,Delhi Capitals,normal,0,Chennai Super Kings,0,6,SR Watson
11142,2019,Kolkata,27-03-2019,Kolkata Knight Riders,Kings XI Punjab,Kings XI Punjab,normal,0,Kolkata Knight Riders,28,0,AD Russell
11143,2019,Bengaluru,28-03-2019,Mumbai Indians,Royal Challengers Bangalore,Royal Challengers Bangalore,normal,0,Mumbai Indians,6,0,JJ Bumrah
11144,2019,Hyderabad,29-03-2019,Rajasthan Royals,Sunrisers Hyderabad,Rajasthan Royals,normal,0,Sunrisers Hyderabad,0,5,Rashid Khan
11145,2019,Mohali,30-03-2019,Mumbai Indians,Kings XI Punjab,Kings XI Punjab,normal,0,Kings XI Punjab,0,8,MA Agarwal
11146,2019,Delhi,30-03-2019,Kolkata Knight Riders,Delhi Capitals,Delhi Capitals,tie,0,Delhi Capitals,0,0,P Shaw
11147,2019,Hyderabad,31-03-2019,Sunrisers Hyderabad,Royal Challengers Bangalore,Royal Challengers Bangalore,normal,0,Sunrisers Hyderabad,118,0,J Bairstow
11148,2019,Chennai,31-03-2019,Chennai Super Kings,Rajasthan Royals,Rajasthan Royals,normal,0,Chennai Super Kings,8,0,MS Dhoni
11149,2019,Mohali,01-04-2019,Kings XI Punjab,Delhi Capitals,Delhi Capitals,normal,0,Kings XI Punjab,14,0,S Curran
11150,2019,Jaipur,02-04-2019,Royal Challengers Bangalore,Rajasthan Royals,Rajasthan Royals,normal,0,Rajasthan Royals,0,7,S Gopal
11151,2019,Mumbai,03-04-2019,Mumbai Indians,Chennai Super Kings,Chennai Super Kings,normal,0,Mumbai Indians,37,0,HH Pandya
11152,2019,Delhi,04-04-2019,Delhi Capitals,Sunrisers Hyderabad,Sunrisers Hyderabad,normal,0,Sunrisers Hyderabad,0,5,J Bairstow
11153,2019,Bengaluru,05-04-2019,Royal Challengers Bangalore,Kolkata Knight Riders,Kolkata Knight Riders,normal,0,Kolkata Knight Riders,0,5,AD Russell
11309,2019,Chennai,06-04-2019,Chennai Super Kings,Kings XI Punjab,Chennai Super Kings,normal,0,Chennai Super Kings,22,0,Harbhajan Singh
11310,2019,Hyderabad,06-04-2019,Mumbai Indians,Sunrisers Hyderabad,Sunrisers Hyderabad,normal,0,Mumbai Indians,40,0,A Joseph
11311,2019,Bengaluru,07-04-2019,Royal Challengers Bangalore,Delhi Capitals,Delhi Capitals,normal,0,Delhi Capitals,0,4,K Rabada
11312,2019,Jaipur,07-04-2019,Rajasthan Royals,Kolkata Knight Riders,Kolkata Knight Riders,normal,0,Kolkata Knight Riders,0,8,H Gurney
11313,2019,Mohali,08-04-2019,Sunrisers Hyderabad,Kings XI Punjab,Kings XI Punjab,normal,0,Kings XI Punjab,0,6,KL Rahul
11314,2019,Chennai,09-04-2019,Kolkata Knight Riders,Chennai Super Kings,Chennai Super Kings,normal,0,Chennai Super Kings,0,7,DL Chahar
11315,2019,Mumbai,10-04-2019,Kings XI Punjab,Mumbai Indians,Mumbai Indians,normal,0,Mumbai Indians,0,3,KA Pollard
11316,2019,Jaipur,11-04-2019,Rajasthan Royals,Chennai Super Kings,Chennai Super Kings,normal,0,Chennai Super Kings,0,4,MS Dhoni
11317,2019,Kolkata,12-04-2019,Kolkata Knight Riders,Delhi Capitals,Delhi Capitals,normal,0,Delhi Capitals,0,7,S Dhawan
11318,2019,Mumbai,13-04-2019,Mumbai Indians,Rajasthan Royals,Rajasthan Royals,normal,0,Rajasthan Royals,0,4,JC Buttler
11319,2019,Mohali,13-04-2019,Kings XI Punjab,Royal Challengers Bangalore,Royal Challengers Bangalore,normal,0,Royal Challengers Bangalore,0,8,AB de Villiers
11320,2019,Kolkata,14-04-2019,Kolkata Knight Riders,Chennai Super Kings,Chennai Super Kings,normal,0,Chennai Super Kings,0,5,Imran Tahir
11321,2019,Hyderabad,14-04-2019,Delhi Capitals,Sunrisers Hyderabad,Sunrisers Hyderabad,normal,0,Delhi Capitals,39,0,K Paul
11322,2019,Mumbai,15-04-2019,Royal Challengers Bangalore,Mumbai Indians,Mumbai Indians,normal,0,Mumbai Indians,0,5,SL Malinga
11323,2019,Mohali,16-04-2019,Kings XI Punjab,Rajasthan Royals,Rajasthan Royals,normal,0,Kings XI Punjab,12,0,R Ashwin
11324,2019,Hyderabad,17-04-2019,Chennai Super Kings,Sunrisers Hyderabad,Chennai Super Kings,normal,0,Sunrisers Hyderabad,0,6,DA Warner
11325,2019,Delhi,18-04-2019,Mumbai Indians,Delhi Capitals,Mumbai Indians,normal,0,Mumbai Indians,40,0,HH Pandya
11326,2019,Kolkata,19-04-2019,Royal Challengers Bangalore,Kolkata Knight Riders,Kolkata Knight Riders,normal,0,Royal Challengers Bangalore,10,0,V Kohli
11327,2019,Jaipur,20-04-2019,Mumbai Indians,Rajasthan Royals,Rajasthan Royals,normal,0,Rajasthan Royals,0,5,SPD Smith
11328,2019,Delhi,20-04-2019,Kings XI Punjab,Delhi Capitals,Delhi Capitals,normal,0,Delhi Capitals,0,5,SS Iyer
11329,2019,Hyderabad,21-04-2019,Kolkata Knight Riders,Sunrisers Hyderabad,Sunrisers Hyderabad,normal,0,Sunrisers Hyderabad,0,9,K Ahmed
11330,2019,Bengaluru,21-04-2019,Royal Challengers Bangalore,Chennai Super Kings,Chennai Super Kings,normal,0,Royal Challengers Bangalore,1,0,PA Patel
11331,2019,Jaipur,22-04-2019,Rajasthan Royals,Delhi Capitals,Delhi Capitals,normal,0,Delhi Capitals,0,6,RR Pant
11332,2019,Chennai,23-04-2019,Sunrisers Hyderabad,Chennai Super Kings,Chennai Super Kings,normal,0,Chennai Super Kings,0,6,SR Watson
11333,2019,Bengaluru,24-04-2019,Royal Challengers Bangalore,Kings XI Punjab,Kings XI Punjab,normal,0,Royal Challengers Bangalore,17,0,AB de Villiers
11334,2019,Kolkata,25-04-2019,Kolkata Knight Riders,Rajasthan Royals,Rajasthan Royals,normal,0,Rajasthan Royals,0,3,VR Aaron
11335,2019,Chennai,26-04-2019,Mumbai Indians,Chennai Super Kings,Chennai Super Kings,normal,0,Mumbai Indians,46,0,RG Sharma
11336,2019,Jaipur,27-04-2019,Sunrisers Hyderabad,Rajasthan Royals,Rajasthan Royals,normal,0,Rajasthan Royals,0,7,JD Unadkat
11337,2019,Delhi,28-04-2019,Delhi Capitals,Royal Challengers Bangalore,Delhi Capitals,normal,0,Delhi Capitals,16,0,S Dhawan
11338,2019,Kolkata,28-04-2019,Kolkata Knight Riders,Mumbai Indians,Mumbai Indians,normal,0,Kolkata Knight Riders,34,0,AD Russell
11339,2019,Hyderabad,29-04-2019,Sunrisers Hyderabad,Kings XI Punjab,Kings XI Punjab,normal,0,Sunrisers Hyderabad,45,0,DA Warner
11340,2019,Bengaluru,30-04-2019,Royal Challengers Bangalore,Rajasthan Royals,Rajasthan Royals,no result,0,,0,0,
11341,2019,Chennai,01-05-2019,Chennai Super Kings,Delhi Capitals,Delhi Capitals,normal,0,Chennai Super Kings,80,0,MS Dhoni
11342,2019,Mumbai,02-05-2019,Mumbai Indians,Sunrisers Hyderabad,Mumbai Indians,tie,0,Mumbai Indians,0,0,JJ Bumrah
11343,2019,Mohali,03-05-2019,Kings XI Punjab,Kolkata Knight Riders,Kolkata Knight Riders,normal,0,Kolkata Knight Riders,0,7,S Gill
11344,2019,Delhi,04-05-2019,Rajasthan Royals,Delhi Capitals,Rajasthan Royals,normal,0,Delhi Capitals,0,5,A Mishra
11345,2019,Bengaluru,04-05-2019,Sunrisers Hyderabad,Royal Challengers Bangalore,Royal Challengers Bangalore,normal,0,Royal Challengers Bangalore,0,4,S Hetmyer
11346,2019,Mohali,05-05-2019,Chennai Super Kings,Kings XI Punjab,Kings XI Punjab,normal,0,Kings XI Punjab,0,6,KL Rahul
11347,2019,Mumbai,05-05-2019,Kolkata Knight Riders,Mumbai Indians,Mumbai Indians,normal,0,Mumbai Indians,0,9,HH Pandya
11412,2019,Chennai,07-05-2019,Chennai Super Kings,Mumbai Indians,Chennai Super Kings,normal,0,Mumbai Indians,0,6,AS Yadav
11413,2019,Visakhapatnam,08-05-2019,Sunrisers Hyderabad,Delhi Capitals,Delhi Capitals,normal,0,Delhi Capitals,0,2,RR Pant
11414,2019,Visakhapatnam,10-05-2019,Delhi Capitals,Chennai Super Kings,Chennai Super Kings,normal,0,Chennai Super Kings,0,6,F du Plessis
11415,2019,Hyderabad,12-05-2019,Mumbai Indians,Chennai Super Kings,Mumbai Indians,normal,0,Mumbai Indians,1,0,JJ Bumrah
